item_id,title,year,genres,industry
1,Toy Story (1995),1995.0,Animation|Children's|Comedy,Classic / International
2,GoldenEye (1995),1995.0,Action|Adventure|Thriller,Classic / International
3,Four Rooms (1995),1995.0,Thriller,Classic / International
4,Get Shorty (1995),1995.0,Action|Comedy|Drama,Classic / International
5,Copycat (1995),1995.0,Crime|Drama|Thriller,Classic / International
6,Shanghai Triad (Yao a yao yao dao waipo qiao) (1995),1995.0,Drama,Classic / International
7,Twelve Monkeys (1995),1995.0,Drama|Sci-Fi,Classic / International
8,Babe (1995),1995.0,Children's|Comedy|Drama,Classic / International
9,Dead Man Walking (1995),1995.0,Drama,Classic / International
10,Richard III (1995),1995.0,Drama|War,Classic / International
11,Seven (Se7en) (1995),1995.0,Crime|Thriller,Classic / International
12,"Usual Suspects, The (1995)",1995.0,Crime|Thriller,Classic / International
13,Mighty Aphrodite (1995),1995.0,Comedy,Classic / International
14,"Postino, Il (1994)",1994.0,Drama|Romance,Classic / International
15,Mr. Holland's Opus (1995),1995.0,Drama,Classic / International
16,French Twist (Gazon maudit) (1995),1995.0,Comedy|Romance,Classic / International
17,From Dusk Till Dawn (1996),1996.0,Action|Comedy|Crime|Horror|Thriller,Classic / International
18,"White Balloon, The (1995)",1995.0,Drama,Classic / International
19,Antonia's Line (1995),1995.0,Drama,Classic / International
20,Angels and Insects (1995),1995.0,Drama|Romance,Classic / International
21,Muppet Treasure Island (1996),1996.0,Action|Adventure|Comedy|Musical|Thriller,Classic / International
22,Braveheart (1995),1995.0,Action|Drama|War,Classic / International
23,Taxi Driver (1976),1976.0,Drama|Thriller,Classic / International
24,Rumble in the Bronx (1995),1995.0,Action|Adventure|Crime,Classic / International
25,"Birdcage, The (1996)",1996.0,Comedy,Classic / International
26,"Brothers McMullen, The (1995)",1995.0,Comedy,Classic / International
27,Bad Boys (1995),1995.0,Action,Classic / International
28,Apollo 13 (1995),1995.0,Action|Drama|Thriller,Classic / International
29,Batman Forever (1995),1995.0,Action|Adventure|Comedy|Crime,Classic / International
30,Belle de jour (1967),1967.0,Drama,Classic / International
31,Crimson Tide (1995),1995.0,Drama|Thriller|War,Classic / International
32,Crumb (1994),1994.0,Documentary,Classic / International
33,Desperado (1995),1995.0,Action|Romance|Thriller,Classic / International
34,"Doom Generation, The (1995)",1995.0,Comedy|Drama,Classic / International
35,Free Willy 2: The Adventure Home (1995),1995.0,Adventure|Children's|Drama,Classic / International
36,Mad Love (1995),1995.0,Drama|Romance,Classic / International
37,Nadja (1994),1994.0,Drama,Classic / International
38,"Net, The (1995)",1995.0,Sci-Fi|Thriller,Classic / International
39,Strange Days (1995),1995.0,Action|Crime|Sci-Fi,Classic / International
40,"To Wong Foo, Thanks for Everything! Julie Newmar (1995)",1995.0,Comedy,Classic / International
41,Billy Madison (1995),1995.0,Comedy,Classic / International
42,Clerks (1994),1994.0,Comedy,Classic / International
43,Disclosure (1994),1994.0,Drama|Thriller,Classic / International
44,Dolores Claiborne (1994),1994.0,Drama|Thriller,Classic / International
45,Eat Drink Man Woman (1994),1994.0,Comedy|Drama,Classic / International
46,Exotica (1994),1994.0,Drama,Classic / International
47,Ed Wood (1994),1994.0,Comedy|Drama,Classic / International
48,Hoop Dreams (1994),1994.0,Documentary,Classic / International
49,I.Q. (1994),1994.0,Comedy|Romance,Classic / International
50,Star Wars (1977),1977.0,Action|Adventure|Romance|Sci-Fi|War,Classic / International
51,Legends of the Fall (1994),1994.0,Drama|Romance|War|Western,Classic / International
52,"Madness of King George, The (1994)",1994.0,Drama,Classic / International
53,Natural Born Killers (1994),1994.0,Action|Thriller,Classic / International
54,Outbreak (1995),1995.0,Action|Drama|Thriller,Classic / International
55,"Professional, The (1994)",1994.0,Crime|Drama|Romance|Thriller,Classic / International
56,Pulp Fiction (1994),1994.0,Crime|Drama,Classic / International
57,Priest (1994),1994.0,Drama,Classic / International
58,Quiz Show (1994),1994.0,Drama,Classic / International
59,Three Colors: Red (1994),1994.0,Drama,Classic / International
60,Three Colors: Blue (1993),1993.0,Drama,Classic / International
61,Three Colors: White (1994),1994.0,Drama,Classic / International
62,Stargate (1994),1994.0,Action|Adventure|Sci-Fi,Classic / International
63,"Santa Clause, The (1994)",1994.0,Children's|Comedy,Classic / International
64,"Shawshank Redemption, The (1994)",1994.0,Drama,Classic / International
65,What's Eating Gilbert Grape (1993),1993.0,Comedy|Drama,Classic / International
66,While You Were Sleeping (1995),1995.0,Comedy|Romance,Classic / International
67,Ace Ventura: Pet Detective (1994),1994.0,Comedy,Classic / International
68,"Crow, The (1994)",1994.0,Action|Romance|Thriller,Classic / International
69,Forrest Gump (1994),1994.0,Comedy|Romance|War,Classic / International
70,Four Weddings and a Funeral (1994),1994.0,Comedy|Romance,Classic / International
71,"Lion King, The (1994)",1994.0,Animation|Children's|Musical,Classic / International
72,"Mask, The (1994)",1994.0,Comedy|Crime|Fantasy,Classic / International
73,Maverick (1994),1994.0,Action|Comedy|Western,Classic / International
74,Faster Pussycat! Kill! Kill! (1965),1965.0,Action|Comedy|Drama,Classic / International
75,Brother Minister: The Assassination of Malcolm X (1994),1994.0,Documentary,Classic / International
76,Carlito's Way (1993),1993.0,Crime|Drama,Classic / International
77,"Firm, The (1993)",1993.0,Drama|Thriller,Classic / International
78,Free Willy (1993),1993.0,Adventure|Children's|Drama,Classic / International
79,"Fugitive, The (1993)",1993.0,Action|Thriller,Classic / International
80,Hot Shots! Part Deux (1993),1993.0,Action|Comedy|War,Classic / International
81,"Hudsucker Proxy, The (1994)",1994.0,Comedy|Romance,Classic / International
82,Jurassic Park (1993),1993.0,Action|Adventure|Sci-Fi,Classic / International
83,Much Ado About Nothing (1993),1993.0,Comedy|Romance,Classic / International
84,Robert A. Heinlein's The Puppet Masters (1994),1994.0,Horror|Sci-Fi,Classic / International
85,"Ref, The (1994)",1994.0,Comedy,Classic / International
86,"Remains of the Day, The (1993)",1993.0,Drama,Classic / International
87,Searching for Bobby Fischer (1993),1993.0,Drama,Classic / International
88,Sleepless in Seattle (1993),1993.0,Comedy|Romance,Classic / International
89,Blade Runner (1982),1982.0,Film-Noir|Sci-Fi,Classic / International
90,So I Married an Axe Murderer (1993),1993.0,Comedy|Romance|Thriller,Classic / International
91,"Nightmare Before Christmas, The (1993)",1993.0,Children's|Comedy|Musical,Classic / International
92,True Romance (1993),1993.0,Action|Crime|Romance,Classic / International
93,Welcome to the Dollhouse (1995),1995.0,Comedy|Drama,Classic / International
94,Home Alone (1990),1990.0,Children's|Comedy,Classic / International
95,Aladdin (1992),1992.0,Animation|Children's|Comedy|Musical,Classic / International
96,Terminator 2: Judgment Day (1991),1991.0,Action|Sci-Fi|Thriller,Classic / International
97,Dances with Wolves (1990),1990.0,Adventure|Drama|Western,Classic / International
98,"Silence of the Lambs, The (1991)",1991.0,Drama|Thriller,Classic / International
99,Snow White and the Seven Dwarfs (1937),1937.0,Animation|Children's|Musical,Classic / International
100,Fargo (1996),1996.0,Crime|Drama|Thriller,Classic / International
101,Heavy Metal (1981),1981.0,Action|Adventure|Animation|Horror|Sci-Fi,Classic / International
102,"Aristocats, The (1970)",1970.0,Animation|Children's,Classic / International
103,All Dogs Go to Heaven 2 (1996),1996.0,Animation|Children's|Musical,Classic / International
104,Theodore Rex (1995),1995.0,Comedy,Classic / International
105,Sgt. Bilko (1996),1996.0,Comedy,Classic / International
106,Diabolique (1996),1996.0,Drama|Thriller,Classic / International
107,Moll Flanders (1996),1996.0,Drama,Classic / International
108,Kids in the Hall: Brain Candy (1996),1996.0,Comedy,Classic / International
109,Mystery Science Theater 3000: The Movie (1996),1996.0,Comedy|Sci-Fi,Classic / International
110,Operation Dumbo Drop (1995),1995.0,Action|Adventure|Comedy|War,Classic / International
111,"Truth About Cats & Dogs, The (1996)",1996.0,Comedy|Romance,Classic / International
112,Flipper (1996),1996.0,Adventure|Children's,Classic / International
113,"Horseman on the Roof, The (Hussard sur le toit, Le) (1995)",1995.0,Drama,Classic / International
114,Wallace & Gromit: The Best of Aardman Animation (1996),1996.0,Animation,Classic / International
115,"Haunted World of Edward D. Wood Jr., The (1995)",1995.0,Documentary,Classic / International
116,Cold Comfort Farm (1995),1995.0,Comedy,Classic / International
117,"Rock, The (1996)",1996.0,Action|Adventure|Thriller,Classic / International
118,Twister (1996),1996.0,Action|Adventure|Thriller,Classic / International
119,Maya Lin: A Strong Clear Vision (1994),1994.0,Documentary,Classic / International
120,Striptease (1996),1996.0,Comedy|Crime,Classic / International
121,Independence Day (ID4) (1996),1996.0,Action|Sci-Fi|War,Classic / International
122,"Cable Guy, The (1996)",1996.0,Comedy,Classic / International
123,"Frighteners, The (1996)",1996.0,Comedy|Horror,Classic / International
124,Lone Star (1996),1996.0,Drama|Mystery,Classic / International
125,Phenomenon (1996),1996.0,Drama|Romance,Classic / International
126,"Spitfire Grill, The (1996)",1996.0,Drama,Classic / International
127,"Godfather, The (1972)",1972.0,Action|Crime|Drama,Classic / International
128,Supercop (1992),1992.0,Action|Thriller,Classic / International
129,Bound (1996),1996.0,Crime|Drama|Romance|Thriller,Classic / International
130,Kansas City (1996),1996.0,Crime,Classic / International
131,Breakfast at Tiffany's (1961),1961.0,Drama|Romance,Classic / International
132,"Wizard of Oz, The (1939)",1939.0,Adventure|Children's|Drama|Musical,Classic / International
133,Gone with the Wind (1939),1939.0,Drama|Romance|War,Classic / International
134,Citizen Kane (1941),1941.0,Drama,Classic / International
135,2001: A Space Odyssey (1968),1968.0,Drama|Mystery|Sci-Fi|Thriller,Classic / International
136,Mr. Smith Goes to Washington (1939),1939.0,Drama,Classic / International
137,Big Night (1996),1996.0,Drama,Classic / International
138,D3: The Mighty Ducks (1996),1996.0,Children's|Comedy,Classic / International
139,"Love Bug, The (1969)",1969.0,Children's|Comedy,Classic / International
140,Homeward Bound: The Incredible Journey (1993),1993.0,Adventure|Children's,Classic / International
141,"20,000 Leagues Under the Sea (1954)",1954.0,Adventure|Children's|Fantasy|Sci-Fi,Classic / International
142,Bedknobs and Broomsticks (1971),1971.0,Adventure|Children's|Musical,Classic / International
143,"Sound of Music, The (1965)",1965.0,Musical,Classic / International
144,Die Hard (1988),1988.0,Action|Thriller,Classic / International
145,"Lawnmower Man, The (1992)",1992.0,Action|Sci-Fi|Thriller,Classic / International
146,Unhook the Stars (1996),1996.0,Drama,Classic / International
147,"Long Kiss Goodnight, The (1996)",1996.0,Action|Thriller,Classic / International
148,"Ghost and the Darkness, The (1996)",1996.0,Action|Adventure,Classic / International
149,Jude (1996),1996.0,Drama,Classic / International
150,Swingers (1996),1996.0,Comedy|Drama,Classic / International
151,Willy Wonka and the Chocolate Factory (1971),1971.0,Adventure|Children's|Comedy,Classic / International
152,Sleeper (1973),1973.0,Comedy|Sci-Fi,Classic / International
153,"Fish Called Wanda, A (1988)",1988.0,Comedy,Classic / International
154,Monty Python's Life of Brian (1979),1979.0,Comedy,Classic / International
155,Dirty Dancing (1987),1987.0,Musical|Romance,Classic / International
156,Reservoir Dogs (1992),1992.0,Crime|Thriller,Classic / International
157,Platoon (1986),1986.0,Drama|War,Classic / International
158,Weekend at Bernie's (1989),1989.0,Comedy,Classic / International
159,Basic Instinct (1992),1992.0,Mystery|Thriller,Classic / International
160,Glengarry Glen Ross (1992),1992.0,Drama,Classic / International
161,Top Gun (1986),1986.0,Action|Romance,Classic / International
162,On Golden Pond (1981),1981.0,Drama,Classic / International
163,"Return of the Pink Panther, The (1974)",1974.0,Comedy,Classic / International
164,"Abyss, The (1989)",1989.0,Action|Adventure|Sci-Fi|Thriller,Classic / International
165,Jean de Florette (1986),1986.0,Drama,Classic / International
166,Manon of the Spring (Manon des sources) (1986),1986.0,Drama,Classic / International
167,Private Benjamin (1980),1980.0,Comedy,Classic / International
168,Monty Python and the Holy Grail (1974),1974.0,Comedy,Classic / International
169,"Wrong Trousers, The (1993)",1993.0,Animation|Comedy,Classic / International
170,Cinema Paradiso (1988),1988.0,Comedy|Drama|Romance,Classic / International
171,Delicatessen (1991),1991.0,Comedy|Sci-Fi,Classic / International
172,"Empire Strikes Back, The (1980)",1980.0,Action|Adventure|Drama|Romance|Sci-Fi|War,Classic / International
173,"Princess Bride, The (1987)",1987.0,Action|Adventure|Comedy|Romance,Classic / International
174,Raiders of the Lost Ark (1981),1981.0,Action|Adventure,Classic / International
175,Brazil (1985),1985.0,Sci-Fi,Classic / International
176,Aliens (1986),1986.0,Action|Sci-Fi|Thriller|War,Classic / International
177,"Good, The Bad and The Ugly, The (1966)",1966.0,Action|Western,Classic / International
178,12 Angry Men (1957),1957.0,Drama,Classic / International
179,"Clockwork Orange, A (1971)",1971.0,Sci-Fi,Classic / International
180,Apocalypse Now (1979),1979.0,Drama|War,Classic / International
181,Return of the Jedi (1983),1983.0,Action|Adventure|Romance|Sci-Fi|War,Classic / International
182,GoodFellas (1990),1990.0,Crime|Drama,Classic / International
183,Alien (1979),1979.0,Action|Horror|Sci-Fi|Thriller,Classic / International
184,Army of Darkness (1993),1993.0,Action|Adventure|Comedy|Horror|Sci-Fi,Classic / International
185,Psycho (1960),1960.0,Horror|Romance|Thriller,Classic / International
186,"Blues Brothers, The (1980)",1980.0,Action|Comedy|Musical,Classic / International
187,"Godfather: Part II, The (1974)",1974.0,Action|Crime|Drama,Classic / International
188,Full Metal Jacket (1987),1987.0,Action|Drama|War,Classic / International
189,"Grand Day Out, A (1992)",1992.0,Animation|Comedy,Classic / International
190,Henry V (1989),1989.0,Drama|War,Classic / International
191,Amadeus (1984),1984.0,Drama|Mystery,Classic / International
192,Raging Bull (1980),1980.0,Drama,Classic / International
193,"Right Stuff, The (1983)",1983.0,Drama,Classic / International
194,"Sting, The (1973)",1973.0,Comedy|Crime,Classic / International
195,"Terminator, The (1984)",1984.0,Action|Sci-Fi|Thriller,Classic / International
196,Dead Poets Society (1989),1989.0,Drama,Classic / International
197,"Graduate, The (1967)",1967.0,Drama|Romance,Classic / International
198,Nikita (La Femme Nikita) (1990),1990.0,Thriller,Classic / International
199,"Bridge on the River Kwai, The (1957)",1957.0,Drama|War,Classic / International
200,"Shining, The (1980)",1980.0,Horror,Classic / International
201,Evil Dead II (1987),1987.0,Action|Adventure|Comedy|Horror,Classic / International
202,Groundhog Day (1993),1993.0,Comedy|Romance,Classic / International
203,Unforgiven (1992),1992.0,Western,Classic / International
204,Back to the Future (1985),1985.0,Comedy|Sci-Fi,Classic / International
205,Patton (1970),1970.0,Drama|War,Classic / International
206,Akira (1988),1988.0,Adventure|Animation|Sci-Fi|Thriller,Classic / International
207,Cyrano de Bergerac (1990),1990.0,Action|Drama|Romance,Classic / International
208,Young Frankenstein (1974),1974.0,Comedy|Horror,Classic / International
209,This Is Spinal Tap (1984),1984.0,Comedy|Drama|Musical,Classic / International
210,Indiana Jones and the Last Crusade (1989),1989.0,Action|Adventure,Classic / International
211,M*A*S*H (1970),1970.0,Comedy|War,Classic / International
212,"Unbearable Lightness of Being, The (1988)",1988.0,Drama,Classic / International
213,"Room with a View, A (1986)",1986.0,Drama|Romance,Classic / International
214,Pink Floyd - The Wall (1982),1982.0,Drama|Musical|War,Classic / International
215,Field of Dreams (1989),1989.0,Drama,Classic / International
216,When Harry Met Sally... (1989),1989.0,Comedy|Romance,Classic / International
217,Bram Stoker's Dracula (1992),1992.0,Horror|Romance,Classic / International
218,Cape Fear (1991),1991.0,Thriller,Classic / International
219,"Nightmare on Elm Street, A (1984)",1984.0,Horror,Classic / International
220,"Mirror Has Two Faces, The (1996)",1996.0,Comedy|Romance,Classic / International
221,Breaking the Waves (1996),1996.0,Drama,Classic / International
222,Star Trek: First Contact (1996),1996.0,Action|Adventure|Sci-Fi,Classic / International
223,Sling Blade (1996),1996.0,Drama|Thriller,Classic / International
224,Ridicule (1996),1996.0,Drama,Classic / International
225,101 Dalmatians (1996),1996.0,Children's|Comedy,Classic / International
226,Die Hard 2 (1990),1990.0,Action|Thriller,Classic / International
227,Star Trek VI: The Undiscovered Country (1991),1991.0,Action|Adventure|Sci-Fi,Classic / International
228,Star Trek: The Wrath of Khan (1982),1982.0,Action|Adventure|Sci-Fi,Classic / International
229,Star Trek III: The Search for Spock (1984),1984.0,Action|Adventure|Sci-Fi,Classic / International
230,Star Trek IV: The Voyage Home (1986),1986.0,Action|Adventure|Sci-Fi,Classic / International
231,Batman Returns (1992),1992.0,Action|Adventure|Comedy|Crime,Classic / International
232,Young Guns (1988),1988.0,Action|Comedy|Western,Classic / International
233,Under Siege (1992),1992.0,Action,Classic / International
234,Jaws (1975),1975.0,Action|Horror,Classic / International
235,Mars Attacks! (1996),1996.0,Action|Comedy|Sci-Fi|War,Classic / International
236,Citizen Ruth (1996),1996.0,Comedy|Drama,Classic / International
237,Jerry Maguire (1996),1996.0,Drama|Romance,Classic / International
238,Raising Arizona (1987),1987.0,Comedy,Classic / International
239,Sneakers (1992),1992.0,Crime|Drama|Sci-Fi,Classic / International
240,Beavis and Butt-head Do America (1996),1996.0,Animation|Comedy,Classic / International
241,"Last of the Mohicans, The (1992)",1992.0,Action|Romance|War,Classic / International
242,Kolya (1996),1996.0,Comedy,Classic / International
243,Jungle2Jungle (1997),1997.0,Children's|Comedy,Classic / International
244,Smilla's Sense of Snow (1997),1997.0,Action|Drama|Thriller,Classic / International
245,"Devil's Own, The (1997)",1997.0,Action|Drama|Thriller|War,Classic / International
246,Chasing Amy (1997),1997.0,Drama|Romance,Classic / International
247,Turbo: A Power Rangers Movie (1997),1997.0,Action|Adventure|Children's,Classic / International
248,Grosse Pointe Blank (1997),1997.0,Comedy|Crime,Classic / International
249,Austin Powers: International Man of Mystery (1997),1997.0,Comedy,Classic / International
250,"Fifth Element, The (1997)",1997.0,Action|Sci-Fi,Classic / International
251,Shall We Dance? (1996),1996.0,Comedy,Classic / International
252,"Lost World: Jurassic Park, The (1997)",1997.0,Action|Adventure|Sci-Fi|Thriller,Classic / International
253,"Pillow Book, The (1995)",1995.0,Drama|Romance,Classic / International
254,Batman & Robin (1997),1997.0,Action|Adventure|Crime,Classic / International
255,My Best Friend's Wedding (1997),1997.0,Comedy|Romance,Classic / International
256,When the Cats Away (Chacun cherche son chat) (1996),1996.0,Comedy|Romance,Classic / International
257,Men in Black (1997),1997.0,Action|Adventure|Comedy|Sci-Fi,Classic / International
258,Contact (1997),1997.0,Drama|Sci-Fi,Classic / International
259,George of the Jungle (1997),1997.0,Children's|Comedy,Classic / International
260,Event Horizon (1997),1997.0,Action|Mystery|Sci-Fi|Thriller,Classic / International
261,Air Bud (1997),1997.0,Children's|Comedy,Classic / International
262,In the Company of Men (1997),1997.0,Drama,Classic / International
263,Steel (1997),1997.0,Action,Classic / International
264,Mimic (1997),1997.0,Sci-Fi|Thriller,Classic / International
265,"Hunt for Red October, The (1990)",1990.0,Action|Thriller,Classic / International
266,Kull the Conqueror (1997),1997.0,Action|Adventure,Classic / International
267,unknown,,unknown,Classic / International
268,Chasing Amy (1997),1997.0,Drama|Romance,Classic / International
269,"Full Monty, The (1997)",1997.0,Comedy,Classic / International
270,Gattaca (1997),1997.0,Drama|Sci-Fi|Thriller,Classic / International
271,Starship Troopers (1997),1997.0,Action|Adventure|Sci-Fi|War,Classic / International
272,Good Will Hunting (1997),1997.0,Drama,Classic / International
273,Heat (1995),1995.0,Action|Crime|Thriller,Classic / International
274,Sabrina (1995),1995.0,Comedy|Romance,Classic / International
275,Sense and Sensibility (1995),1995.0,Drama|Romance,Classic / International
276,Leaving Las Vegas (1995),1995.0,Drama|Romance,Classic / International
277,Restoration (1995),1995.0,Drama,Classic / International
278,Bed of Roses (1996),1996.0,Drama|Romance,Classic / International
279,Once Upon a Time... When We Were Colored (1995),1995.0,Drama,Classic / International
280,Up Close and Personal (1996),1996.0,Drama|Romance,Classic / International
281,"River Wild, The (1994)",1994.0,Action|Thriller,Classic / International
282,"Time to Kill, A (1996)",1996.0,Drama,Classic / International
283,Emma (1996),1996.0,Drama|Romance,Classic / International
284,Tin Cup (1996),1996.0,Comedy|Romance,Classic / International
285,Secrets & Lies (1996),1996.0,Drama,Classic / International
286,"English Patient, The (1996)",1996.0,Drama|Romance|War,Classic / International
287,Marvin's Room (1996),1996.0,Drama,Classic / International
288,Scream (1996),1996.0,Horror|Thriller,Classic / International
289,Evita (1996),1996.0,Drama|Musical,Classic / International
290,Fierce Creatures (1997),1997.0,Comedy,Classic / International
291,Absolute Power (1997),1997.0,Mystery|Thriller,Classic / International
292,Rosewood (1997),1997.0,Drama,Classic / International
293,Donnie Brasco (1997),1997.0,Crime|Drama,Classic / International
294,Liar Liar (1997),1997.0,Comedy,Classic / International
295,Breakdown (1997),1997.0,Action|Thriller,Classic / International
296,"Promesse, La (1996)",1996.0,Drama,Classic / International
297,Ulee's Gold (1997),1997.0,Drama,Classic / International
298,Face/Off (1997),1997.0,Action|Sci-Fi|Thriller,Classic / International
299,Hoodlum (1997),1997.0,Crime|Drama|Film-Noir,Classic / International
300,Air Force One (1997),1997.0,Action|Thriller,Classic / International
301,In & Out (1997),1997.0,Comedy,Classic / International
302,L.A. Confidential (1997),1997.0,Crime|Film-Noir|Mystery|Thriller,Classic / International
303,Ulee's Gold (1997),1997.0,Drama,Classic / International
304,Fly Away Home (1996),1996.0,Adventure|Children's,Classic / International
305,"Ice Storm, The (1997)",1997.0,Drama,Classic / International
306,"Mrs. Brown (Her Majesty, Mrs. Brown) (1997)",1997.0,Drama|Romance,Classic / International
307,"Devil's Advocate, The (1997)",1997.0,Crime|Horror|Mystery|Thriller,Classic / International
308,FairyTale: A True Story (1997),1997.0,Children's|Drama|Fantasy,Classic / International
309,Deceiver (1997),1997.0,Crime,Classic / International
310,"Rainmaker, The (1997)",1997.0,Drama,Classic / International
311,"Wings of the Dove, The (1997)",1997.0,Drama|Romance|Thriller,Classic / International
312,Midnight in the Garden of Good and Evil (1997),1997.0,Comedy|Crime|Drama|Mystery,Classic / International
313,Titanic (1997),1997.0,Action|Drama|Romance,Classic / International
314,3 Ninjas: High Noon At Mega Mountain (1998),1998.0,Action|Children's,Classic / International
315,Apt Pupil (1998),1998.0,Drama|Thriller,Classic / International
316,As Good As It Gets (1997),1997.0,Comedy|Drama,Classic / International
317,In the Name of the Father (1993),1993.0,Drama,Classic / International
318,Schindler's List (1993),1993.0,Drama|War,Classic / International
319,Everyone Says I Love You (1996),1996.0,Comedy|Musical|Romance,Classic / International
320,Paradise Lost: The Child Murders at Robin Hood Hills (1996),1996.0,Documentary,Classic / International
321,Mother (1996),1996.0,Comedy,Classic / International
322,Murder at 1600 (1997),1997.0,Mystery|Thriller,Classic / International
323,Dante's Peak (1997),1997.0,Action|Thriller,Classic / International
324,Lost Highway (1997),1997.0,Mystery,Classic / International
325,Crash (1996),1996.0,Drama|Thriller,Classic / International
326,G.I. Jane (1997),1997.0,Action|Drama|War,Classic / International
327,Cop Land (1997),1997.0,Crime|Drama|Mystery,Classic / International
328,Conspiracy Theory (1997),1997.0,Action|Mystery|Romance|Thriller,Classic / International
329,Desperate Measures (1998),1998.0,Crime|Drama|Thriller,Classic / International
330,187 (1997),1997.0,Drama,Classic / International
331,"Edge, The (1997)",1997.0,Adventure|Thriller,Classic / International
332,Kiss the Girls (1997),1997.0,Crime|Drama|Thriller,Classic / International
333,"Game, The (1997)",1997.0,Mystery|Thriller,Classic / International
334,U Turn (1997),1997.0,Action|Crime|Mystery,Classic / International
335,How to Be a Player (1997),1997.0,Comedy,Classic / International
336,Playing God (1997),1997.0,Crime|Thriller,Classic / International
337,"House of Yes, The (1997)",1997.0,Comedy|Drama|Thriller,Classic / International
338,Bean (1997),1997.0,Comedy,Classic / International
339,Mad City (1997),1997.0,Action|Drama,Classic / International
340,Boogie Nights (1997),1997.0,Drama,Classic / International
341,Critical Care (1997),1997.0,Comedy,Classic / International
342,"Man Who Knew Too Little, The (1997)",1997.0,Comedy|Mystery,Classic / International
343,Alien: Resurrection (1997),1997.0,Action|Horror|Sci-Fi,Classic / International
344,"Apostle, The (1997)",1997.0,Drama,Classic / International
345,Deconstructing Harry (1997),1997.0,Comedy|Drama,Classic / International
346,Jackie Brown (1997),1997.0,Crime|Drama,Classic / International
347,Wag the Dog (1997),1997.0,Comedy|Drama,Classic / International
348,Desperate Measures (1998),1998.0,Crime|Drama|Thriller,Classic / International
349,Hard Rain (1998),1998.0,Action|Thriller,Classic / International
350,Fallen (1998),1998.0,Action|Mystery|Thriller,Classic / International
351,"Prophecy II, The (1998)",1998.0,Horror,Classic / International
352,Spice World (1997),1997.0,Comedy|Musical,Classic / International
353,Deep Rising (1998),1998.0,Action|Horror|Sci-Fi,Classic / International
354,"Wedding Singer, The (1998)",1998.0,Comedy|Romance,Classic / International
355,Sphere (1998),1998.0,Adventure|Sci-Fi|Thriller,Classic / International
356,"Client, The (1994)",1994.0,Drama|Mystery|Thriller,Classic / International
357,One Flew Over the Cuckoo's Nest (1975),1975.0,Drama,Classic / International
358,Spawn (1997),1997.0,Action|Adventure|Sci-Fi|Thriller,Classic / International
359,"Assignment, The (1997)",1997.0,Thriller,Classic / International
360,Wonderland (1997),1997.0,Documentary,Classic / International
361,Incognito (1997),1997.0,Crime|Thriller,Classic / International
362,Blues Brothers 2000 (1998),1998.0,Action|Comedy|Musical,Classic / International
363,Sudden Death (1995),1995.0,Action,Classic / International
364,Ace Ventura: When Nature Calls (1995),1995.0,Comedy,Classic / International
365,Powder (1995),1995.0,Drama,Classic / International
366,Dangerous Minds (1995),1995.0,Drama,Classic / International
367,Clueless (1995),1995.0,Comedy,Classic / International
368,Bio-Dome (1996),1996.0,Comedy,Classic / International
369,Black Sheep (1996),1996.0,Comedy,Classic / International
370,Mary Reilly (1996),1996.0,Drama|Thriller,Classic / International
371,"Bridges of Madison County, The (1995)",1995.0,Drama|Romance,Classic / International
372,Jeffrey (1995),1995.0,Comedy,Classic / International
373,Judge Dredd (1995),1995.0,Action|Adventure|Sci-Fi,Classic / International
374,Mighty Morphin Power Rangers: The Movie (1995),1995.0,Action|Children's,Classic / International
375,Showgirls (1995),1995.0,Drama,Classic / International
376,Houseguest (1994),1994.0,Comedy,Classic / International
377,Heavyweights (1994),1994.0,Children's|Comedy,Classic / International
378,Miracle on 34th Street (1994),1994.0,Drama,Classic / International
379,Tales From the Crypt Presents: Demon Knight (1995),1995.0,Horror,Classic / International
380,Star Trek: Generations (1994),1994.0,Action|Adventure|Sci-Fi,Classic / International
381,Muriel's Wedding (1994),1994.0,Comedy|Romance,Classic / International
382,"Adventures of Priscilla, Queen of the Desert, The (1994)",1994.0,Comedy|Drama,Classic / International
383,"Flintstones, The (1994)",1994.0,Children's|Comedy,Classic / International
384,Naked Gun 33 1/3: The Final Insult (1994),1994.0,Comedy,Classic / International
385,True Lies (1994),1994.0,Action|Adventure|Comedy|Romance,Classic / International
386,Addams Family Values (1993),1993.0,Comedy,Classic / International
387,"Age of Innocence, The (1993)",1993.0,Drama,Classic / International
388,Beverly Hills Cop III (1994),1994.0,Action|Comedy,Classic / International
389,Black Beauty (1994),1994.0,Adventure|Children's,Classic / International
390,Fear of a Black Hat (1993),1993.0,Comedy,Classic / International
391,Last Action Hero (1993),1993.0,Action|Comedy,Classic / International
392,"Man Without a Face, The (1993)",1993.0,Drama,Classic / International
393,Mrs. Doubtfire (1993),1993.0,Comedy,Classic / International
394,Radioland Murders (1994),1994.0,Comedy|Mystery|Romance,Classic / International
395,Robin Hood: Men in Tights (1993),1993.0,Comedy,Classic / International
396,Serial Mom (1994),1994.0,Comedy|Crime|Horror,Classic / International
397,Striking Distance (1993),1993.0,Action,Classic / International
398,Super Mario Bros. (1993),1993.0,Action|Adventure|Children's|Sci-Fi,Classic / International
399,"Three Musketeers, The (1993)",1993.0,Action|Adventure|Comedy,Classic / International
400,"Little Rascals, The (1994)",1994.0,Children's|Comedy,Classic / International
401,"Brady Bunch Movie, The (1995)",1995.0,Comedy,Classic / International
402,Ghost (1990),1990.0,Comedy|Romance|Thriller,Classic / International
403,Batman (1989),1989.0,Action|Adventure|Crime|Drama,Classic / International
404,Pinocchio (1940),1940.0,Animation|Children's,Classic / International
405,Mission: Impossible (1996),1996.0,Action|Adventure|Mystery,Classic / International
406,Thinner (1996),1996.0,Horror|Thriller,Classic / International
407,Spy Hard (1996),1996.0,Comedy,Classic / International
408,"Close Shave, A (1995)",1995.0,Animation|Comedy|Thriller,Classic / International
409,Jack (1996),1996.0,Comedy|Drama,Classic / International
410,Kingpin (1996),1996.0,Comedy,Classic / International
411,"Nutty Professor, The (1996)",1996.0,Comedy|Fantasy|Romance|Sci-Fi,Classic / International
412,"Very Brady Sequel, A (1996)",1996.0,Comedy,Classic / International
413,Tales from the Crypt Presents: Bordello of Blood (1996),1996.0,Horror,Classic / International
414,My Favorite Year (1982),1982.0,Comedy,Classic / International
415,"Apple Dumpling Gang, The (1975)",1975.0,Children's|Comedy|Western,Classic / International
416,Old Yeller (1957),1957.0,Children's|Drama,Classic / International
417,"Parent Trap, The (1961)",1961.0,Children's|Drama,Classic / International
418,Cinderella (1950),1950.0,Animation|Children's|Musical,Classic / International
419,Mary Poppins (1964),1964.0,Children's|Comedy|Musical,Classic / International
420,Alice in Wonderland (1951),1951.0,Animation|Children's|Musical,Classic / International
421,William Shakespeare's Romeo and Juliet (1996),1996.0,Drama|Romance,Classic / International
422,Aladdin and the King of Thieves (1996),1996.0,Animation|Children's|Comedy,Classic / International
423,E.T. the Extra-Terrestrial (1982),1982.0,Children's|Drama|Fantasy|Sci-Fi,Classic / International
424,Children of the Corn: The Gathering (1996),1996.0,Horror,Classic / International
425,Bob Roberts (1992),1992.0,Comedy,Classic / International
426,"Transformers: The Movie, The (1986)",1986.0,Action|Animation|Children's|Sci-Fi|Thriller|War,Classic / International
427,To Kill a Mockingbird (1962),1962.0,Drama,Classic / International
428,Harold and Maude (1971),1971.0,Comedy,Classic / International
429,"Day the Earth Stood Still, The (1951)",1951.0,Drama|Sci-Fi,Classic / International
430,Duck Soup (1933),1933.0,Comedy|War,Classic / International
431,Highlander (1986),1986.0,Action|Adventure,Classic / International
432,Fantasia (1940),1940.0,Animation|Children's|Musical,Classic / International
433,Heathers (1989),1989.0,Comedy,Classic / International
434,Forbidden Planet (1956),1956.0,Sci-Fi,Classic / International
435,Butch Cassidy and the Sundance Kid (1969),1969.0,Action|Comedy|Western,Classic / International
436,"American Werewolf in London, An (1981)",1981.0,Horror,Classic / International
437,Amityville 1992: It's About Time (1992),1992.0,Horror,Classic / International
438,Amityville 3-D (1983),1983.0,Horror,Classic / International
439,Amityville: A New Generation (1993),1993.0,Horror,Classic / International
440,Amityville II: The Possession (1982),1982.0,Horror,Classic / International
441,"Amityville Horror, The (1979)",1979.0,Horror,Classic / International
442,"Amityville Curse, The (1990)",1990.0,Horror,Classic / International
443,"Birds, The (1963)",1963.0,Horror,Classic / International
444,"Blob, The (1958)",1958.0,Horror|Sci-Fi,Classic / International
445,"Body Snatcher, The (1945)",1945.0,Horror,Classic / International
446,Burnt Offerings (1976),1976.0,Horror,Classic / International
447,Carrie (1976),1976.0,Horror,Classic / International
448,"Omen, The (1976)",1976.0,Horror,Classic / International
449,Star Trek: The Motion Picture (1979),1979.0,Action|Adventure|Sci-Fi,Classic / International
450,Star Trek V: The Final Frontier (1989),1989.0,Action|Adventure|Sci-Fi,Classic / International
451,Grease (1978),1978.0,Comedy|Musical|Romance,Classic / International
452,Jaws 2 (1978),1978.0,Action|Horror,Classic / International
453,Jaws 3-D (1983),1983.0,Action|Horror,Classic / International
454,Bastard Out of Carolina (1996),1996.0,Drama,Classic / International
455,Jackie Chan's First Strike (1996),1996.0,Action,Classic / International
456,Beverly Hills Ninja (1997),1997.0,Action|Comedy,Classic / International
457,Free Willy 3: The Rescue (1997),1997.0,Adventure|Children's|Drama,Classic / International
458,Nixon (1995),1995.0,Drama,Classic / International
459,"Cry, the Beloved Country (1995)",1995.0,Drama,Classic / International
460,"Crossing Guard, The (1995)",1995.0,Drama,Classic / International
461,Smoke (1995),1995.0,Drama,Classic / International
462,Like Water For Chocolate (Como agua para chocolate) (1992),1992.0,Drama|Romance,Classic / International
463,"Secret of Roan Inish, The (1994)",1994.0,Adventure,Classic / International
464,Vanya on 42nd Street (1994),1994.0,Drama,Classic / International
465,"Jungle Book, The (1994)",1994.0,Adventure|Children's|Romance,Classic / International
466,Red Rock West (1992),1992.0,Thriller,Classic / International
467,"Bronx Tale, A (1993)",1993.0,Drama,Classic / International
468,Rudy (1993),1993.0,Drama,Classic / International
469,Short Cuts (1993),1993.0,Drama,Classic / International
470,Tombstone (1993),1993.0,Western,Classic / International
471,Courage Under Fire (1996),1996.0,Drama|War,Classic / International
472,Dragonheart (1996),1996.0,Action|Adventure|Fantasy,Classic / International
473,James and the Giant Peach (1996),1996.0,Animation|Children's|Musical,Classic / International
474,Dr. Strangelove or: How I Learned to Stop Worrying and Love the Bomb (1963),1963.0,Sci-Fi|War,Classic / International
475,Trainspotting (1996),1996.0,Drama,Classic / International
476,"First Wives Club, The (1996)",1996.0,Comedy,Classic / International
477,Matilda (1996),1996.0,Children's|Comedy,Classic / International
478,"Philadelphia Story, The (1940)",1940.0,Comedy|Romance,Classic / International
479,Vertigo (1958),1958.0,Mystery|Thriller,Classic / International
480,North by Northwest (1959),1959.0,Comedy|Thriller,Classic / International
481,"Apartment, The (1960)",1960.0,Comedy|Drama,Classic / International
482,Some Like It Hot (1959),1959.0,Comedy|Crime,Classic / International
483,Casablanca (1942),1942.0,Drama|Romance|War,Classic / International
484,"Maltese Falcon, The (1941)",1941.0,Film-Noir|Mystery,Classic / International
485,My Fair Lady (1964),1964.0,Musical|Romance,Classic / International
486,Sabrina (1954),1954.0,Comedy|Romance,Classic / International
487,Roman Holiday (1953),1953.0,Comedy|Romance,Classic / International
488,Sunset Blvd. (1950),1950.0,Film-Noir,Classic / International
489,Notorious (1946),1946.0,Film-Noir|Romance|Thriller,Classic / International
490,To Catch a Thief (1955),1955.0,Comedy|Romance|Thriller,Classic / International
491,"Adventures of Robin Hood, The (1938)",1938.0,Action|Adventure,Classic / International
492,East of Eden (1955),1955.0,Drama,Classic / International
493,"Thin Man, The (1934)",1934.0,Mystery,Classic / International
494,His Girl Friday (1940),1940.0,Comedy,Classic / International
495,Around the World in 80 Days (1956),1956.0,Adventure|Comedy,Classic / International
496,It's a Wonderful Life (1946),1946.0,Drama,Classic / International
497,Bringing Up Baby (1938),1938.0,Comedy,Classic / International
498,"African Queen, The (1951)",1951.0,Action|Adventure|Romance|War,Classic / International
499,Cat on a Hot Tin Roof (1958),1958.0,Drama,Classic / International
500,Fly Away Home (1996),1996.0,Adventure|Children's,Classic / International
501,Dumbo (1941),1941.0,Animation|Children's|Musical,Classic / International
502,Bananas (1971),1971.0,Comedy|War,Classic / International
503,"Candidate, The (1972)",1972.0,Drama,Classic / International
504,Bonnie and Clyde (1967),1967.0,Crime|Drama,Classic / International
505,Dial M for Murder (1954),1954.0,Mystery|Thriller,Classic / International
506,Rebel Without a Cause (1955),1955.0,Drama,Classic / International
507,"Streetcar Named Desire, A (1951)",1951.0,Drama,Classic / International
508,"People vs. Larry Flynt, The (1996)",1996.0,Drama,Classic / International
509,My Left Foot (1989),1989.0,Drama,Classic / International
510,"Magnificent Seven, The (1954)",1954.0,Action|Drama|Western,Classic / International
511,Lawrence of Arabia (1962),1962.0,Adventure|War,Classic / International
512,Wings of Desire (1987),1987.0,Comedy|Drama|Romance,Classic / International
513,"Third Man, The (1949)",1949.0,Mystery|Thriller,Classic / International
514,Annie Hall (1977),1977.0,Comedy|Romance,Classic / International
515,"Boot, Das (1981)",1981.0,Action|Drama|War,Classic / International
516,Local Hero (1983),1983.0,Comedy,Classic / International
517,Manhattan (1979),1979.0,Comedy|Drama|Romance,Classic / International
518,Miller's Crossing (1990),1990.0,Drama,Classic / International
519,"Treasure of the Sierra Madre, The (1948)",1948.0,Adventure,Classic / International
520,"Great Escape, The (1963)",1963.0,Adventure|War,Classic / International
521,"Deer Hunter, The (1978)",1978.0,Drama|War,Classic / International
522,Down by Law (1986),1986.0,Comedy|Drama,Classic / International
523,Cool Hand Luke (1967),1967.0,Comedy|Drama,Classic / International
524,"Great Dictator, The (1940)",1940.0,Comedy,Classic / International
525,"Big Sleep, The (1946)",1946.0,Film-Noir|Mystery,Classic / International
526,Ben-Hur (1959),1959.0,Action|Adventure|Drama,Classic / International
527,Gandhi (1982),1982.0,Drama,Classic / International
528,"Killing Fields, The (1984)",1984.0,Drama|War,Classic / International
529,My Life as a Dog (Mitt liv som hund) (1985),1985.0,Drama,Classic / International
530,"Man Who Would Be King, The (1975)",1975.0,Adventure,Classic / International
531,Shine (1996),1996.0,Drama|Romance,Classic / International
532,Kama Sutra: A Tale of Love (1996),1996.0,Romance,Classic / International
533,"Daytrippers, The (1996)",1996.0,Mystery,Classic / International
534,Traveller (1997),1997.0,Drama,Classic / International
535,Addicted to Love (1997),1997.0,Comedy|Romance,Classic / International
536,Ponette (1996),1996.0,Drama,Classic / International
537,My Own Private Idaho (1991),1991.0,Drama,Classic / International
538,Anastasia (1997),1997.0,Animation|Children's|Musical,Classic / International
539,Mouse Hunt (1997),1997.0,Children's|Comedy,Classic / International
540,Money Train (1995),1995.0,Action,Classic / International
541,Mortal Kombat (1995),1995.0,Action|Adventure,Classic / International
542,Pocahontas (1995),1995.0,Animation|Children's|Musical|Romance,Classic / International
543,"Misérables, Les (1995)",1995.0,Drama|Musical,Classic / International
544,Things to Do in Denver when You're Dead (1995),1995.0,Crime|Drama|Romance,Classic / International
545,Vampire in Brooklyn (1995),1995.0,Comedy|Romance,Classic / International
546,Broken Arrow (1996),1996.0,Action|Thriller,Classic / International
547,"Young Poisoner's Handbook, The (1995)",1995.0,Crime,Classic / International
548,"NeverEnding Story III, The (1994)",1994.0,Children's|Fantasy,Classic / International
549,Rob Roy (1995),1995.0,Drama|Romance|War,Classic / International
550,Die Hard: With a Vengeance (1995),1995.0,Action|Thriller,Classic / International
551,Lord of Illusions (1995),1995.0,Horror,Classic / International
552,Species (1995),1995.0,Sci-Fi,Classic / International
553,"Walk in the Clouds, A (1995)",1995.0,Drama|Romance,Classic / International
554,Waterworld (1995),1995.0,Action|Adventure,Classic / International
555,White Man's Burden (1995),1995.0,Drama,Classic / International
556,Wild Bill (1995),1995.0,Western,Classic / International
557,Farinelli: il castrato (1994),1994.0,Drama|Musical,Classic / International
558,Heavenly Creatures (1994),1994.0,Drama|Fantasy|Thriller,Classic / International
559,Interview with the Vampire (1994),1994.0,Drama|Horror,Classic / International
560,"Kid in King Arthur's Court, A (1995)",1995.0,Adventure|Children's|Comedy|Fantasy|Romance|Sci-Fi,Classic / International
561,Mary Shelley's Frankenstein (1994),1994.0,Drama|Horror,Classic / International
562,"Quick and the Dead, The (1995)",1995.0,Action|Adventure|Western,Classic / International
563,Stephen King's The Langoliers (1995),1995.0,Horror,Classic / International
564,Tales from the Hood (1995),1995.0,Comedy|Horror,Classic / International
565,Village of the Damned (1995),1995.0,Horror|Thriller,Classic / International
566,Clear and Present Danger (1994),1994.0,Action|Adventure|Thriller,Classic / International
567,Wes Craven's New Nightmare (1994),1994.0,Horror,Classic / International
568,Speed (1994),1994.0,Action|Romance|Thriller,Classic / International
569,Wolf (1994),1994.0,Drama|Horror,Classic / International
570,Wyatt Earp (1994),1994.0,Western,Classic / International
571,Another Stakeout (1993),1993.0,Comedy|Thriller,Classic / International
572,Blown Away (1994),1994.0,Action|Thriller,Classic / International
573,Body Snatchers (1993),1993.0,Horror|Sci-Fi|Thriller,Classic / International
574,Boxing Helena (1993),1993.0,Mystery|Romance|Thriller,Classic / International
575,City Slickers II: The Legend of Curly's Gold (1994),1994.0,Comedy|Western,Classic / International
576,Cliffhanger (1993),1993.0,Action|Adventure|Crime,Classic / International
577,Coneheads (1993),1993.0,Comedy|Sci-Fi,Classic / International
578,Demolition Man (1993),1993.0,Action|Sci-Fi,Classic / International
579,Fatal Instinct (1993),1993.0,Comedy,Classic / International
580,"Englishman Who Went Up a Hill, But Came Down a Mountain, The (1995)",1995.0,Comedy|Romance,Classic / International
581,Kalifornia (1993),1993.0,Drama|Thriller,Classic / International
582,"Piano, The (1993)",1993.0,Drama|Romance,Classic / International
583,Romeo Is Bleeding (1993),1993.0,Crime|Thriller,Classic / International
584,"Secret Garden, The (1993)",1993.0,Children's|Drama,Classic / International
585,Son in Law (1993),1993.0,Comedy,Classic / International
586,Terminal Velocity (1994),1994.0,Action,Classic / International
587,"Hour of the Pig, The (1993)",1993.0,Drama|Mystery,Classic / International
588,Beauty and the Beast (1991),1991.0,Animation|Children's|Musical,Classic / International
589,"Wild Bunch, The (1969)",1969.0,Western,Classic / International
590,Hellraiser: Bloodline (1996),1996.0,Action|Horror|Sci-Fi,Classic / International
591,Primal Fear (1996),1996.0,Drama|Thriller,Classic / International
592,True Crime (1995),1995.0,Mystery|Thriller,Classic / International
593,Stalingrad (1993),1993.0,War,Classic / International
594,Heavy (1995),1995.0,Drama|Romance,Classic / International
595,"Fan, The (1996)",1996.0,Thriller,Classic / International
596,"Hunchback of Notre Dame, The (1996)",1996.0,Animation|Children's|Musical,Classic / International
597,Eraser (1996),1996.0,Action|Thriller,Classic / International
598,"Big Squeeze, The (1996)",1996.0,Comedy|Drama,Classic / International
599,Police Story 4: Project S (Chao ji ji hua) (1993),1993.0,Action,Classic / International
600,Daniel Defoe's Robinson Crusoe (1996),1996.0,Children's,Classic / International
601,For Whom the Bell Tolls (1943),1943.0,Adventure|War,Classic / International
602,"American in Paris, An (1951)",1951.0,Musical|Romance,Classic / International
603,Rear Window (1954),1954.0,Mystery|Thriller,Classic / International
604,It Happened One Night (1934),1934.0,Comedy,Classic / International
605,Meet Me in St. Louis (1944),1944.0,Musical,Classic / International
606,All About Eve (1950),1950.0,Drama,Classic / International
607,Rebecca (1940),1940.0,Romance|Thriller,Classic / International
608,Spellbound (1945),1945.0,Mystery|Romance|Thriller,Classic / International
609,Father of the Bride (1950),1950.0,Comedy,Classic / International
610,Gigi (1958),1958.0,Musical,Classic / International
611,Laura (1944),1944.0,Crime|Film-Noir|Mystery,Classic / International
612,Lost Horizon (1937),1937.0,Drama,Classic / International
613,My Man Godfrey (1936),1936.0,Comedy,Classic / International
614,Giant (1956),1956.0,Drama,Classic / International
615,"39 Steps, The (1935)",1935.0,Thriller,Classic / International
616,Night of the Living Dead (1968),1968.0,Horror|Sci-Fi,Classic / International
617,"Blue Angel, The (Blaue Engel, Der) (1930)",1930.0,Drama,Classic / International
618,Picnic (1955),1955.0,Drama,Classic / International
619,Extreme Measures (1996),1996.0,Drama|Thriller,Classic / International
620,"Chamber, The (1996)",1996.0,Drama,Classic / International
621,"Davy Crockett, King of the Wild Frontier (1955)",1955.0,Western,Classic / International
622,Swiss Family Robinson (1960),1960.0,Adventure|Children's,Classic / International
623,Angels in the Outfield (1994),1994.0,Children's|Comedy,Classic / International
624,"Three Caballeros, The (1945)",1945.0,Animation|Children's|Musical,Classic / International
625,"Sword in the Stone, The (1963)",1963.0,Animation|Children's,Classic / International
626,So Dear to My Heart (1949),1949.0,Children's|Drama,Classic / International
627,Robin Hood: Prince of Thieves (1991),1991.0,Drama,Classic / International
628,Sleepers (1996),1996.0,Crime|Drama,Classic / International
629,Victor/Victoria (1982),1982.0,Comedy|Musical,Classic / International
630,"Great Race, The (1965)",1965.0,Comedy|Musical,Classic / International
631,"Crying Game, The (1992)",1992.0,Action|Drama|Romance|War,Classic / International
632,Sophie's Choice (1982),1982.0,Drama,Classic / International
633,"Christmas Carol, A (1938)",1938.0,Drama,Classic / International
634,Microcosmos: Le peuple de l'herbe (1996),1996.0,Documentary,Classic / International
635,"Fog, The (1980)",1980.0,Horror,Classic / International
636,Escape from New York (1981),1981.0,Action|Adventure|Sci-Fi|Thriller,Classic / International
637,"Howling, The (1981)",1981.0,Comedy|Horror,Classic / International
638,"Return of Martin Guerre, The (Retour de Martin Guerre, Le) (1982)",1982.0,Drama,Classic / International
639,"Tin Drum, The (Blechtrommel, Die) (1979)",1979.0,Drama,Classic / International
640,"Cook the Thief His Wife & Her Lover, The (1989)",1989.0,Drama,Classic / International
641,Paths of Glory (1957),1957.0,Drama|War,Classic / International
642,"Grifters, The (1990)",1990.0,Crime|Drama|Film-Noir,Classic / International
643,The Innocent (1994),1994.0,Drama|Romance,Classic / International
644,"Thin Blue Line, The (1988)",1988.0,Documentary,Classic / International
645,Paris Is Burning (1990),1990.0,Documentary,Classic / International
646,Once Upon a Time in the West (1969),1969.0,Western,Classic / International
647,Ran (1985),1985.0,Drama|War,Classic / International
648,"Quiet Man, The (1952)",1952.0,Comedy|Romance,Classic / International
649,Once Upon a Time in America (1984),1984.0,Crime|Drama|Thriller,Classic / International
650,"Seventh Seal, The (Sjunde inseglet, Det) (1957)",1957.0,Drama,Classic / International
651,Glory (1989),1989.0,Action|Drama|War,Classic / International
652,Rosencrantz and Guildenstern Are Dead (1990),1990.0,Comedy|Drama,Classic / International
653,Touch of Evil (1958),1958.0,Crime|Film-Noir|Thriller,Classic / International
654,Chinatown (1974),1974.0,Film-Noir|Mystery|Thriller,Classic / International
655,Stand by Me (1986),1986.0,Adventure|Comedy|Drama,Classic / International
656,M (1931),1931.0,Crime|Film-Noir|Thriller,Classic / International
657,"Manchurian Candidate, The (1962)",1962.0,Film-Noir|Thriller,Classic / International
658,Pump Up the Volume (1990),1990.0,Drama,Classic / International
659,Arsenic and Old Lace (1944),1944.0,Comedy|Mystery|Thriller,Classic / International
660,Fried Green Tomatoes (1991),1991.0,Drama,Classic / International
661,High Noon (1952),1952.0,Western,Classic / International
662,Somewhere in Time (1980),1980.0,Drama|Romance,Classic / International
663,Being There (1979),1979.0,Comedy,Classic / International
664,"Paris, Texas (1984)",1984.0,Drama,Classic / International
665,Alien 3 (1992),1992.0,Action|Horror|Sci-Fi|Thriller,Classic / International
666,Blood For Dracula (Andy Warhol's Dracula) (1974),1974.0,Horror,Classic / International
667,Audrey Rose (1977),1977.0,Horror,Classic / International
668,Blood Beach (1981),1981.0,Action|Horror,Classic / International
669,Body Parts (1991),1991.0,Horror,Classic / International
670,Body Snatchers (1993),1993.0,Horror|Sci-Fi|Thriller,Classic / International
671,Bride of Frankenstein (1935),1935.0,Horror,Classic / International
672,Candyman (1992),1992.0,Horror,Classic / International
673,Cape Fear (1962),1962.0,Film-Noir|Thriller,Classic / International
674,Cat People (1982),1982.0,Horror,Classic / International
675,"Nosferatu (Nosferatu, eine Symphonie des Grauens) (1922)",1922.0,Horror,Classic / International
676,"Crucible, The (1996)",1996.0,Drama,Classic / International
677,Fire on the Mountain (1996),1996.0,Documentary,Classic / International
678,Volcano (1997),1997.0,Drama|Thriller,Classic / International
679,Conan the Barbarian (1981),1981.0,Action|Adventure,Classic / International
680,Kull the Conqueror (1997),1997.0,Action|Adventure,Classic / International
681,Wishmaster (1997),1997.0,Horror,Classic / International
682,I Know What You Did Last Summer (1997),1997.0,Horror|Mystery|Thriller,Classic / International
683,Rocket Man (1997),1997.0,Comedy,Classic / International
684,In the Line of Fire (1993),1993.0,Action|Thriller,Classic / International
685,Executive Decision (1996),1996.0,Action|Thriller,Classic / International
686,"Perfect World, A (1993)",1993.0,Action|Drama,Classic / International
687,McHale's Navy (1997),1997.0,Comedy|War,Classic / International
688,Leave It to Beaver (1997),1997.0,Comedy,Classic / International
689,"Jackal, The (1997)",1997.0,Action|Thriller,Classic / International
690,Seven Years in Tibet (1997),1997.0,Drama|War,Classic / International
691,Dark City (1998),1998.0,Film-Noir|Sci-Fi|Thriller,Classic / International
692,"American President, The (1995)",1995.0,Comedy|Drama|Romance,Classic / International
693,Casino (1995),1995.0,Drama,Classic / International
694,Persuasion (1995),1995.0,Romance,Classic / International
695,Kicking and Screaming (1995),1995.0,Comedy|Drama,Classic / International
696,City Hall (1996),1996.0,Drama|Thriller,Classic / International
697,"Basketball Diaries, The (1995)",1995.0,Drama,Classic / International
698,"Browning Version, The (1994)",1994.0,Drama,Classic / International
699,Little Women (1994),1994.0,Drama,Classic / International
700,Miami Rhapsody (1995),1995.0,Comedy,Classic / International
701,"Wonderful, Horrible Life of Leni Riefenstahl, The (1993)",1993.0,Documentary,Classic / International
702,Barcelona (1994),1994.0,Comedy|Romance,Classic / International
703,Widows' Peak (1994),1994.0,Drama,Classic / International
704,"House of the Spirits, The (1993)",1993.0,Drama|Romance,Classic / International
705,Singin' in the Rain (1952),1952.0,Musical|Romance,Classic / International
706,Bad Moon (1996),1996.0,Horror,Classic / International
707,Enchanted April (1991),1991.0,Drama,Classic / International
708,"Sex, Lies, and Videotape (1989)",1989.0,Drama,Classic / International
709,Strictly Ballroom (1992),1992.0,Comedy|Romance,Classic / International
710,Better Off Dead... (1985),1985.0,Comedy,Classic / International
711,"Substance of Fire, The (1996)",1996.0,Drama,Classic / International
712,Tin Men (1987),1987.0,Comedy|Drama,Classic / International
713,Othello (1995),1995.0,Drama,Classic / International
714,Carrington (1995),1995.0,Drama|Romance,Classic / International
715,To Die For (1995),1995.0,Comedy|Drama,Classic / International
716,Home for the Holidays (1995),1995.0,Drama|Romance,Classic / International
717,"Juror, The (1996)",1996.0,Drama|Thriller,Classic / International
718,In the Bleak Midwinter (1995),1995.0,Comedy,Classic / International
719,Canadian Bacon (1994),1994.0,Comedy|War,Classic / International
720,First Knight (1995),1995.0,Action|Adventure|Drama|Romance,Classic / International
721,Mallrats (1995),1995.0,Comedy,Classic / International
722,Nine Months (1995),1995.0,Comedy,Classic / International
723,Boys on the Side (1995),1995.0,Comedy|Drama,Classic / International
724,Circle of Friends (1995),1995.0,Drama|Romance,Classic / International
725,Exit to Eden (1994),1994.0,Comedy,Classic / International
726,Fluke (1995),1995.0,Children's|Drama,Classic / International
727,Immortal Beloved (1994),1994.0,Drama|Romance,Classic / International
728,Junior (1994),1994.0,Comedy|Sci-Fi,Classic / International
729,Nell (1994),1994.0,Drama,Classic / International
730,"Queen Margot (Reine Margot, La) (1994)",1994.0,Drama|Romance,Classic / International
731,"Corrina, Corrina (1994)",1994.0,Comedy|Drama|Romance,Classic / International
732,Dave (1993),1993.0,Comedy|Romance,Classic / International
733,Go Fish (1994),1994.0,Drama|Romance,Classic / International
734,Made in America (1993),1993.0,Comedy,Classic / International
735,Philadelphia (1993),1993.0,Drama,Classic / International
736,Shadowlands (1993),1993.0,Drama|Romance,Classic / International
737,Sirens (1994),1994.0,Comedy|Drama,Classic / International
738,Threesome (1994),1994.0,Comedy|Romance,Classic / International
739,Pretty Woman (1990),1990.0,Comedy|Romance,Classic / International
740,Jane Eyre (1996),1996.0,Drama|Romance,Classic / International
741,"Last Supper, The (1995)",1995.0,Drama|Thriller,Classic / International
742,Ransom (1996),1996.0,Drama|Thriller,Classic / International
743,"Crow: City of Angels, The (1996)",1996.0,Action|Thriller,Classic / International
744,Michael Collins (1996),1996.0,Drama|War,Classic / International
745,"Ruling Class, The (1972)",1972.0,Comedy,Classic / International
746,Real Genius (1985),1985.0,Comedy,Classic / International
747,Benny & Joon (1993),1993.0,Comedy|Romance,Classic / International
748,"Saint, The (1997)",1997.0,Action|Romance|Thriller,Classic / International
749,"MatchMaker, The (1997)",1997.0,Comedy|Romance,Classic / International
750,Amistad (1997),1997.0,Drama,Classic / International
751,Tomorrow Never Dies (1997),1997.0,Action|Romance|Thriller,Classic / International
752,"Replacement Killers, The (1998)",1998.0,Action|Thriller,Classic / International
753,Burnt By the Sun (1994),1994.0,Drama,Classic / International
754,Red Corner (1997),1997.0,Crime|Thriller,Classic / International
755,Jumanji (1995),1995.0,Action|Adventure|Children's|Fantasy|Sci-Fi,Classic / International
756,Father of the Bride Part II (1995),1995.0,Comedy,Classic / International
757,Across the Sea of Time (1995),1995.0,Documentary,Classic / International
758,Lawnmower Man 2: Beyond Cyberspace (1996),1996.0,Sci-Fi|Thriller,Classic / International
759,Fair Game (1995),1995.0,Action,Classic / International
760,Screamers (1995),1995.0,Sci-Fi,Classic / International
761,Nick of Time (1995),1995.0,Action|Thriller,Classic / International
762,Beautiful Girls (1996),1996.0,Drama,Classic / International
763,Happy Gilmore (1996),1996.0,Comedy,Classic / International
764,If Lucy Fell (1996),1996.0,Comedy|Romance,Classic / International
765,Boomerang (1992),1992.0,Comedy|Romance,Classic / International
766,Man of the Year (1995),1995.0,Documentary,Classic / International
767,"Addiction, The (1995)",1995.0,Horror,Classic / International
768,Casper (1995),1995.0,Adventure|Children's,Classic / International
769,Congo (1995),1995.0,Action|Adventure|Mystery|Sci-Fi,Classic / International
770,Devil in a Blue Dress (1995),1995.0,Crime|Film-Noir|Mystery|Thriller,Classic / International
771,Johnny Mnemonic (1995),1995.0,Action|Sci-Fi|Thriller,Classic / International
772,Kids (1995),1995.0,Drama,Classic / International
773,Mute Witness (1994),1994.0,Thriller,Classic / International
774,"Prophecy, The (1995)",1995.0,Horror,Classic / International
775,Something to Talk About (1995),1995.0,Comedy|Drama|Romance,Classic / International
776,Three Wishes (1995),1995.0,Drama,Classic / International
777,Castle Freak (1995),1995.0,Horror,Classic / International
778,Don Juan DeMarco (1995),1995.0,Comedy|Drama|Romance,Classic / International
779,Drop Zone (1994),1994.0,Action,Classic / International
780,Dumb & Dumber (1994),1994.0,Comedy,Classic / International
781,French Kiss (1995),1995.0,Comedy|Romance,Classic / International
782,Little Odessa (1994),1994.0,Drama,Classic / International
783,Milk Money (1994),1994.0,Comedy|Romance,Classic / International
784,Beyond Bedlam (1993),1993.0,Drama|Horror,Classic / International
785,Only You (1994),1994.0,Comedy|Romance,Classic / International
786,"Perez Family, The (1995)",1995.0,Comedy|Romance,Classic / International
787,Roommates (1995),1995.0,Comedy|Drama,Classic / International
788,Relative Fear (1994),1994.0,Horror|Thriller,Classic / International
789,Swimming with Sharks (1995),1995.0,Comedy|Drama,Classic / International
790,Tommy Boy (1995),1995.0,Comedy,Classic / International
791,"Baby-Sitters Club, The (1995)",1995.0,Children's,Classic / International
792,Bullets Over Broadway (1994),1994.0,Comedy,Classic / International
793,Crooklyn (1994),1994.0,Comedy,Classic / International
794,It Could Happen to You (1994),1994.0,Drama|Romance,Classic / International
795,Richie Rich (1994),1994.0,Children's|Comedy,Classic / International
796,Speechless (1994),1994.0,Comedy|Romance,Classic / International
797,Timecop (1994),1994.0,Action|Sci-Fi,Classic / International
798,Bad Company (1995),1995.0,Action,Classic / International
799,Boys Life (1995),1995.0,Drama,Classic / International
800,In the Mouth of Madness (1995),1995.0,Horror|Thriller,Classic / International
801,"Air Up There, The (1994)",1994.0,Comedy,Classic / International
802,Hard Target (1993),1993.0,Action|Adventure|Crime|Thriller,Classic / International
803,Heaven & Earth (1993),1993.0,Action|Drama|War,Classic / International
804,Jimmy Hollywood (1994),1994.0,Comedy,Classic / International
805,Manhattan Murder Mystery (1993),1993.0,Comedy|Mystery,Classic / International
806,Menace II Society (1993),1993.0,Action|Crime|Drama,Classic / International
807,Poetic Justice (1993),1993.0,Drama,Classic / International
808,"Program, The (1993)",1993.0,Action|Drama,Classic / International
809,Rising Sun (1993),1993.0,Action|Drama|Mystery,Classic / International
810,"Shadow, The (1994)",1994.0,Action,Classic / International
811,Thirty-Two Short Films About Glenn Gould (1993),1993.0,Documentary,Classic / International
812,Andre (1994),1994.0,Adventure|Children's,Classic / International
813,"Celluloid Closet, The (1995)",1995.0,Documentary,Classic / International
814,"Great Day in Harlem, A (1994)",1994.0,Documentary,Classic / International
815,One Fine Day (1996),1996.0,Drama|Romance,Classic / International
816,Candyman: Farewell to the Flesh (1995),1995.0,Horror,Classic / International
817,Frisk (1995),1995.0,Drama,Classic / International
818,Girl 6 (1996),1996.0,Comedy,Classic / International
819,Eddie (1996),1996.0,Comedy,Classic / International
820,Space Jam (1996),1996.0,Adventure|Animation|Children's|Comedy|Fantasy,Classic / International
821,Mrs. Winterbourne (1996),1996.0,Comedy|Romance,Classic / International
822,Faces (1968),1968.0,Drama,Classic / International
823,Mulholland Falls (1996),1996.0,Crime|Film-Noir|Thriller,Classic / International
824,"Great White Hype, The (1996)",1996.0,Comedy,Classic / International
825,"Arrival, The (1996)",1996.0,Action|Sci-Fi|Thriller,Classic / International
826,"Phantom, The (1996)",1996.0,Adventure,Classic / International
827,Daylight (1996),1996.0,Action|Adventure|Thriller,Classic / International
828,Alaska (1996),1996.0,Adventure|Children's,Classic / International
829,Fled (1996),1996.0,Action|Adventure,Classic / International
830,Power 98 (1995),1995.0,Action|Mystery|Thriller,Classic / International
831,Escape from L.A. (1996),1996.0,Action|Adventure|Sci-Fi|Thriller,Classic / International
832,Bogus (1996),1996.0,Children's|Drama|Fantasy,Classic / International
833,Bulletproof (1996),1996.0,Action,Classic / International
834,Halloween: The Curse of Michael Myers (1995),1995.0,Horror|Thriller,Classic / International
835,"Gay Divorcee, The (1934)",1934.0,Comedy|Musical|Romance,Classic / International
836,Ninotchka (1939),1939.0,Comedy|Romance,Classic / International
837,Meet John Doe (1941),1941.0,Drama,Classic / International
838,In the Line of Duty 2 (1987),1987.0,Action,Classic / International
839,Loch Ness (1995),1995.0,Horror|Thriller,Classic / International
840,Last Man Standing (1996),1996.0,Action|Drama|Western,Classic / International
841,"Glimmer Man, The (1996)",1996.0,Action|Thriller,Classic / International
842,Pollyanna (1960),1960.0,Children's|Comedy|Drama,Classic / International
843,"Shaggy Dog, The (1959)",1959.0,Children's|Comedy,Classic / International
844,Freeway (1996),1996.0,Crime,Classic / International
845,That Thing You Do! (1996),1996.0,Comedy,Classic / International
846,To Gillian on Her 37th Birthday (1996),1996.0,Drama|Romance,Classic / International
847,Looking for Richard (1996),1996.0,Documentary|Drama,Classic / International
848,"Murder, My Sweet (1944)",1944.0,Film-Noir|Thriller,Classic / International
849,Days of Thunder (1990),1990.0,Action|Romance,Classic / International
850,"Perfect Candidate, A (1996)",1996.0,Documentary,Classic / International
851,Two or Three Things I Know About Her (1966),1966.0,Drama,Classic / International
852,"Bloody Child, The (1996)",1996.0,Drama|Thriller,Classic / International
853,Braindead (1992),1992.0,Comedy|Horror,Classic / International
854,Bad Taste (1987),1987.0,Comedy|Horror,Classic / International
855,Diva (1981),1981.0,Action|Drama|Mystery|Romance|Thriller,Classic / International
856,Night on Earth (1991),1991.0,Comedy|Drama,Classic / International
857,Paris Was a Woman (1995),1995.0,Documentary,Classic / International
858,Amityville: Dollhouse (1996),1996.0,Horror,Classic / International
859,April Fool's Day (1986),1986.0,Comedy|Horror,Classic / International
860,"Believers, The (1987)",1987.0,Horror|Thriller,Classic / International
861,Nosferatu a Venezia (1986),1986.0,Horror,Classic / International
862,Jingle All the Way (1996),1996.0,Adventure|Children's|Comedy,Classic / International
863,"Garden of Finzi-Contini, The (Giardino dei Finzi-Contini, Il) (1970)",1970.0,Drama,Classic / International
864,My Fellow Americans (1996),1996.0,Comedy,Classic / International
865,"Ice Storm, The (1997)",1997.0,Drama,Classic / International
866,Michael (1996),1996.0,Comedy|Romance,Classic / International
867,"Whole Wide World, The (1996)",1996.0,Drama,Classic / International
868,Hearts and Minds (1996),1996.0,Drama,Classic / International
869,Fools Rush In (1997),1997.0,Comedy|Romance,Classic / International
870,Touch (1997),1997.0,Romance,Classic / International
871,Vegas Vacation (1997),1997.0,Comedy,Classic / International
872,Love Jones (1997),1997.0,Romance,Classic / International
873,Picture Perfect (1997),1997.0,Comedy|Romance,Classic / International
874,Career Girls (1997),1997.0,Drama,Classic / International
875,She's So Lovely (1997),1997.0,Drama|Romance,Classic / International
876,Money Talks (1997),1997.0,Action|Comedy,Classic / International
877,Excess Baggage (1997),1997.0,Adventure|Romance,Classic / International
878,That Darn Cat! (1997),1997.0,Children's|Comedy|Mystery,Classic / International
879,"Peacemaker, The (1997)",1997.0,Action|Thriller|War,Classic / International
880,Soul Food (1997),1997.0,Drama,Classic / International
881,Money Talks (1997),1997.0,Action|Comedy,Classic / International
882,Washington Square (1997),1997.0,Drama,Classic / International
883,Telling Lies in America (1997),1997.0,Drama,Classic / International
884,Year of the Horse (1997),1997.0,Documentary,Classic / International
885,Phantoms (1998),1998.0,Horror,Classic / International
886,"Life Less Ordinary, A (1997)",1997.0,Romance|Thriller,Classic / International
887,Eve's Bayou (1997),1997.0,Drama,Classic / International
888,One Night Stand (1997),1997.0,Drama,Classic / International
889,"Tango Lesson, The (1997)",1997.0,Romance,Classic / International
890,Mortal Kombat: Annihilation (1997),1997.0,Action|Adventure,Classic / International
891,Bent (1997),1997.0,Drama|War,Classic / International
892,Flubber (1997),1997.0,Children's|Comedy|Fantasy,Classic / International
893,For Richer or Poorer (1997),1997.0,Comedy,Classic / International
894,Home Alone 3 (1997),1997.0,Children's|Comedy,Classic / International
895,Scream 2 (1997),1997.0,Horror|Thriller,Classic / International
896,"Sweet Hereafter, The (1997)",1997.0,Drama,Classic / International
897,Time Tracers (1995),1995.0,Action|Adventure|Sci-Fi,Classic / International
898,"Postman, The (1997)",1997.0,Drama,Classic / International
899,"Winter Guest, The (1997)",1997.0,Drama,Classic / International
900,Kundun (1997),1997.0,Drama,Classic / International
901,Mr. Magoo (1997),1997.0,Comedy,Classic / International
902,"Big Lebowski, The (1998)",1998.0,Comedy|Crime|Mystery|Thriller,Classic / International
903,Afterglow (1997),1997.0,Drama|Romance,Classic / International
904,Ma vie en rose (My Life in Pink) (1997),1997.0,Comedy|Drama,Classic / International
905,Great Expectations (1998),1998.0,Drama|Romance,Classic / International
906,Oscar & Lucinda (1997),1997.0,Drama|Romance,Classic / International
907,Vermin (1998),1998.0,Comedy,Classic / International
908,Half Baked (1998),1998.0,Comedy,Classic / International
909,Dangerous Beauty (1998),1998.0,Drama,Classic / International
910,Nil By Mouth (1997),1997.0,Drama,Classic / International
911,Twilight (1998),1998.0,Crime|Drama,Classic / International
912,U.S. Marshalls (1998),1998.0,Action|Thriller,Classic / International
913,Love and Death on Long Island (1997),1997.0,Comedy,Classic / International
914,Wild Things (1998),1998.0,Crime|Drama|Mystery|Thriller,Classic / International
915,Primary Colors (1998),1998.0,Drama,Classic / International
916,Lost in Space (1998),1998.0,Action|Sci-Fi|Thriller,Classic / International
917,Mercury Rising (1998),1998.0,Action|Drama|Thriller,Classic / International
918,City of Angels (1998),1998.0,Romance,Classic / International
919,"City of Lost Children, The (1995)",1995.0,Adventure|Sci-Fi,Classic / International
920,Two Bits (1995),1995.0,Drama,Classic / International
921,Farewell My Concubine (1993),1993.0,Drama|Romance,Classic / International
922,Dead Man (1995),1995.0,Western,Classic / International
923,Raise the Red Lantern (1991),1991.0,Drama,Classic / International
924,White Squall (1996),1996.0,Adventure|Drama,Classic / International
925,Unforgettable (1996),1996.0,Sci-Fi|Thriller,Classic / International
926,Down Periscope (1996),1996.0,Comedy,Classic / International
927,"Flower of My Secret, The (Flor de mi secreto, La) (1995)",1995.0,Drama,Classic / International
928,"Craft, The (1996)",1996.0,Drama|Horror,Classic / International
929,Harriet the Spy (1996),1996.0,Children's|Comedy,Classic / International
930,Chain Reaction (1996),1996.0,Action|Adventure|Thriller,Classic / International
931,"Island of Dr. Moreau, The (1996)",1996.0,Sci-Fi|Thriller,Classic / International
932,First Kid (1996),1996.0,Children's|Comedy,Classic / International
933,"Funeral, The (1996)",1996.0,Drama,Classic / International
934,"Preacher's Wife, The (1996)",1996.0,Drama,Classic / International
935,Paradise Road (1997),1997.0,Drama|War,Classic / International
936,Brassed Off (1996),1996.0,Comedy|Drama|Romance,Classic / International
937,"Thousand Acres, A (1997)",1997.0,Drama,Classic / International
938,"Smile Like Yours, A (1997)",1997.0,Comedy|Romance,Classic / International
939,Murder in the First (1995),1995.0,Drama|Thriller,Classic / International
940,Airheads (1994),1994.0,Comedy,Classic / International
941,With Honors (1994),1994.0,Comedy|Drama,Classic / International
942,What's Love Got to Do with It (1993),1993.0,Drama,Classic / International
943,Killing Zoe (1994),1994.0,Thriller,Classic / International
944,Renaissance Man (1994),1994.0,Comedy|Drama|War,Classic / International
945,Charade (1963),1963.0,Comedy|Mystery|Romance|Thriller,Classic / International
946,"Fox and the Hound, The (1981)",1981.0,Animation|Children's,Classic / International
947,"Big Blue, The (Grand bleu, Le) (1988)",1988.0,Adventure|Romance,Classic / International
948,Booty Call (1997),1997.0,Comedy|Romance,Classic / International
949,How to Make an American Quilt (1995),1995.0,Drama|Romance,Classic / International
950,Georgia (1995),1995.0,Drama,Classic / International
951,"Indian in the Cupboard, The (1995)",1995.0,Adventure|Children's|Fantasy,Classic / International
952,Blue in the Face (1995),1995.0,Comedy,Classic / International
953,Unstrung Heroes (1995),1995.0,Comedy|Drama,Classic / International
954,Unzipped (1995),1995.0,Documentary,Classic / International
955,Before Sunrise (1995),1995.0,Drama|Romance,Classic / International
956,Nobody's Fool (1994),1994.0,Drama,Classic / International
957,Pushing Hands (1992),1992.0,Comedy,Classic / International
958,To Live (Huozhe) (1994),1994.0,Drama,Classic / International
959,Dazed and Confused (1993),1993.0,Comedy,Classic / International
960,Naked (1993),1993.0,Drama,Classic / International
961,Orlando (1993),1993.0,Drama,Classic / International
962,Ruby in Paradise (1993),1993.0,Drama,Classic / International
963,Some Folks Call It a Sling Blade (1993),1993.0,Drama|Thriller,Classic / International
964,"Month by the Lake, A (1995)",1995.0,Comedy|Drama,Classic / International
965,Funny Face (1957),1957.0,Comedy|Musical,Classic / International
966,"Affair to Remember, An (1957)",1957.0,Romance,Classic / International
967,Little Lord Fauntleroy (1936),1936.0,Drama,Classic / International
968,"Inspector General, The (1949)",1949.0,Musical,Classic / International
969,Winnie the Pooh and the Blustery Day (1968),1968.0,Animation|Children's,Classic / International
970,Hear My Song (1991),1991.0,Comedy,Classic / International
971,Mediterraneo (1991),1991.0,Comedy|War,Classic / International
972,Passion Fish (1992),1992.0,Drama,Classic / International
973,Grateful Dead (1995),1995.0,Documentary,Classic / International
974,Eye for an Eye (1996),1996.0,Drama|Thriller,Classic / International
975,Fear (1996),1996.0,Thriller,Classic / International
976,Solo (1996),1996.0,Action|Sci-Fi|Thriller,Classic / International
977,"Substitute, The (1996)",1996.0,Action,Classic / International
978,Heaven's Prisoners (1996),1996.0,Mystery|Thriller,Classic / International
979,"Trigger Effect, The (1996)",1996.0,Drama|Thriller,Classic / International
980,Mother Night (1996),1996.0,Drama,Classic / International
981,Dangerous Ground (1997),1997.0,Drama,Classic / International
982,Maximum Risk (1996),1996.0,Action|Adventure|Thriller,Classic / International
983,"Rich Man's Wife, The (1996)",1996.0,Thriller,Classic / International
984,Shadow Conspiracy (1997),1997.0,Thriller,Classic / International
985,Blood & Wine (1997),1997.0,Drama,Classic / International
986,Turbulence (1997),1997.0,Thriller,Classic / International
987,Underworld (1997),1997.0,Thriller,Classic / International
988,"Beautician and the Beast, The (1997)",1997.0,Comedy|Romance,Classic / International
989,Cats Don't Dance (1997),1997.0,Animation|Children's|Musical,Classic / International
990,Anna Karenina (1997),1997.0,Drama|Romance,Classic / International
991,Keys to Tulsa (1997),1997.0,Crime,Classic / International
992,Head Above Water (1996),1996.0,Comedy|Thriller,Classic / International
993,Hercules (1997),1997.0,Adventure|Animation|Children's|Comedy|Musical,Classic / International
994,"Last Time I Committed Suicide, The (1997)",1997.0,Drama,Classic / International
995,"Kiss Me, Guido (1997)",1997.0,Comedy,Classic / International
996,"Big Green, The (1995)",1995.0,Children's|Comedy,Classic / International
997,Stuart Saves His Family (1995),1995.0,Comedy,Classic / International
998,Cabin Boy (1994),1994.0,Comedy,Classic / International
999,Clean Slate (1994),1994.0,Comedy,Classic / International
1000,Lightning Jack (1994),1994.0,Comedy|Western,Classic / International
1001,"Stupids, The (1996)",1996.0,Comedy,Classic / International
1002,"Pest, The (1997)",1997.0,Comedy,Classic / International
1003,That Darn Cat! (1997),1997.0,Children's|Comedy|Mystery,Classic / International
1004,Geronimo: An American Legend (1993),1993.0,Drama|Western,Classic / International
1005,"Double vie de Véronique, La (Double Life of Veronique, The) (1991)",1991.0,Drama,Classic / International
1006,Until the End of the World (Bis ans Ende der Welt) (1991),1991.0,Drama|Sci-Fi,Classic / International
1007,Waiting for Guffman (1996),1996.0,Comedy,Classic / International
1008,I Shot Andy Warhol (1996),1996.0,Drama,Classic / International
1009,Stealing Beauty (1996),1996.0,Drama,Classic / International
1010,Basquiat (1996),1996.0,Drama,Classic / International
1011,2 Days in the Valley (1996),1996.0,Crime,Classic / International
1012,Private Parts (1997),1997.0,Comedy|Drama,Classic / International
1013,Anaconda (1997),1997.0,Action|Adventure|Thriller,Classic / International
1014,Romy and Michele's High School Reunion (1997),1997.0,Comedy,Classic / International
1015,Shiloh (1997),1997.0,Children's|Drama,Classic / International
1016,Con Air (1997),1997.0,Action|Adventure|Thriller,Classic / International
1017,Trees Lounge (1996),1996.0,Drama,Classic / International
1018,Tie Me Up! Tie Me Down! (1990),1990.0,Drama,Classic / International
1019,"Die xue shuang xiong (Killer, The) (1989)",1989.0,Action|Thriller,Classic / International
1020,Gaslight (1944),1944.0,Mystery|Thriller,Classic / International
1021,8 1/2 (1963),1963.0,Drama,Classic / International
1022,"Fast, Cheap & Out of Control (1997)",1997.0,Documentary,Classic / International
1023,Fathers' Day (1997),1997.0,Comedy,Classic / International
1024,Mrs. Dalloway (1997),1997.0,Romance,Classic / International
1025,Fire Down Below (1997),1997.0,Action|Drama|Thriller,Classic / International
1026,"Lay of the Land, The (1997)",1997.0,Comedy|Drama,Classic / International
1027,"Shooter, The (1995)",1995.0,Action,Classic / International
1028,Grumpier Old Men (1995),1995.0,Comedy|Romance,Classic / International
1029,Jury Duty (1995),1995.0,Comedy,Classic / International
1030,"Beverly Hillbillies, The (1993)",1993.0,Comedy,Classic / International
1031,Lassie (1994),1994.0,Adventure|Children's,Classic / International
1032,Little Big League (1994),1994.0,Children's|Comedy,Classic / International
1033,Homeward Bound II: Lost in San Francisco (1996),1996.0,Adventure|Children's,Classic / International
1034,"Quest, The (1996)",1996.0,Action|Adventure,Classic / International
1035,Cool Runnings (1993),1993.0,Comedy,Classic / International
1036,Drop Dead Fred (1991),1991.0,Comedy|Fantasy,Classic / International
1037,Grease 2 (1982),1982.0,Comedy|Musical|Romance,Classic / International
1038,Switchback (1997),1997.0,Thriller,Classic / International
1039,Hamlet (1996),1996.0,Drama,Classic / International
1040,Two if by Sea (1996),1996.0,Comedy|Romance,Classic / International
1041,Forget Paris (1995),1995.0,Comedy|Romance,Classic / International
1042,Just Cause (1995),1995.0,Mystery|Thriller,Classic / International
1043,Rent-a-Kid (1995),1995.0,Comedy,Classic / International
1044,"Paper, The (1994)",1994.0,Comedy|Drama,Classic / International
1045,Fearless (1993),1993.0,Drama,Classic / International
1046,Malice (1993),1993.0,Thriller,Classic / International
1047,Multiplicity (1996),1996.0,Comedy,Classic / International
1048,She's the One (1996),1996.0,Comedy|Romance,Classic / International
1049,House Arrest (1996),1996.0,Comedy,Classic / International
1050,"Ghost and Mrs. Muir, The (1947)",1947.0,Drama|Romance,Classic / International
1051,"Associate, The (1996)",1996.0,Comedy,Classic / International
1052,Dracula: Dead and Loving It (1995),1995.0,Comedy|Horror,Classic / International
1053,Now and Then (1995),1995.0,Drama,Classic / International
1054,Mr. Wrong (1996),1996.0,Comedy,Classic / International
1055,"Simple Twist of Fate, A (1994)",1994.0,Drama,Classic / International
1056,Cronos (1992),1992.0,Horror,Classic / International
1057,"Pallbearer, The (1996)",1996.0,Comedy,Classic / International
1058,"War, The (1994)",1994.0,Adventure|Drama,Classic / International
1059,Don't Be a Menace to South Central While Drinking Your Juice in the Hood (1996),1996.0,Comedy,Classic / International
1060,"Adventures of Pinocchio, The (1996)",1996.0,Adventure|Children's,Classic / International
1061,"Evening Star, The (1996)",1996.0,Comedy|Drama,Classic / International
1062,Four Days in September (1997),1997.0,Drama,Classic / International
1063,"Little Princess, A (1995)",1995.0,Children's|Drama,Classic / International
1064,Crossfire (1947),1947.0,Crime|Film-Noir,Classic / International
1065,Koyaanisqatsi (1983),1983.0,Documentary|War,Classic / International
1066,Balto (1995),1995.0,Animation|Children's,Classic / International
1067,Bottle Rocket (1996),1996.0,Comedy,Classic / International
1068,"Star Maker, The (Uomo delle stelle, L') (1995)",1995.0,Drama,Classic / International
1069,Amateur (1994),1994.0,Crime|Drama|Thriller,Classic / International
1070,Living in Oblivion (1995),1995.0,Comedy,Classic / International
1071,Party Girl (1995),1995.0,Comedy,Classic / International
1072,"Pyromaniac's Love Story, A (1995)",1995.0,Comedy|Romance,Classic / International
1073,Shallow Grave (1994),1994.0,Thriller,Classic / International
1074,Reality Bites (1994),1994.0,Comedy|Drama,Classic / International
1075,"Man of No Importance, A (1994)",1994.0,Drama,Classic / International
1076,"Pagemaster, The (1994)",1994.0,Action|Adventure|Animation|Children's|Fantasy,Classic / International
1077,Love and a .45 (1994),1994.0,Thriller,Classic / International
1078,Oliver & Company (1988),1988.0,Animation|Children's,Classic / International
1079,Joe's Apartment (1996),1996.0,Comedy|Musical,Classic / International
1080,Celestial Clockwork (1994),1994.0,Comedy,Classic / International
1081,Curdled (1996),1996.0,Crime,Classic / International
1082,Female Perversions (1996),1996.0,Drama,Classic / International
1083,Albino Alligator (1996),1996.0,Crime|Thriller,Classic / International
1084,Anne Frank Remembered (1995),1995.0,Documentary,Classic / International
1085,Carried Away (1996),1996.0,Drama|Romance,Classic / International
1086,It's My Party (1995),1995.0,Drama,Classic / International
1087,Bloodsport 2 (1995),1995.0,Action,Classic / International
1088,Double Team (1997),1997.0,Action,Classic / International
1089,Speed 2: Cruise Control (1997),1997.0,Action|Romance|Thriller,Classic / International
1090,Sliver (1993),1993.0,Thriller,Classic / International
1091,Pete's Dragon (1977),1977.0,Adventure|Animation|Children's|Musical,Classic / International
1092,Dear God (1996),1996.0,Comedy,Classic / International
1093,Live Nude Girls (1995),1995.0,Comedy,Classic / International
1094,"Thin Line Between Love and Hate, A (1996)",1996.0,Comedy,Classic / International
1095,High School High (1996),1996.0,Comedy,Classic / International
1096,Commandments (1997),1997.0,Romance,Classic / International
1097,"Hate (Haine, La) (1995)",1995.0,Drama,Classic / International
1098,Flirting With Disaster (1996),1996.0,Comedy,Classic / International
1099,"Red Firecracker, Green Firecracker (1994)",1994.0,Drama,Classic / International
1100,What Happened Was... (1994),1994.0,Comedy|Drama|Romance,Classic / International
1101,Six Degrees of Separation (1993),1993.0,Drama|Mystery,Classic / International
1102,Two Much (1996),1996.0,Comedy|Romance,Classic / International
1103,Trust (1990),1990.0,Comedy|Drama,Classic / International
1104,C'est arrivé près de chez vous (1992),1992.0,Comedy|Crime|Drama,Classic / International
1105,Firestorm (1998),1998.0,Action|Adventure|Thriller,Classic / International
1106,"Newton Boys, The (1998)",1998.0,Crime|Drama,Classic / International
1107,Beyond Rangoon (1995),1995.0,Drama,Classic / International
1108,Feast of July (1995),1995.0,Drama,Classic / International
1109,Death and the Maiden (1994),1994.0,Drama|Thriller,Classic / International
1110,Tank Girl (1995),1995.0,Action|Comedy|Musical|Sci-Fi,Classic / International
1111,Double Happiness (1994),1994.0,Drama,Classic / International
1112,Cobb (1994),1994.0,Drama,Classic / International
1113,Mrs. Parker and the Vicious Circle (1994),1994.0,Drama,Classic / International
1114,Faithful (1996),1996.0,Comedy,Classic / International
1115,Twelfth Night (1996),1996.0,Comedy|Drama|Romance,Classic / International
1116,"Mark of Zorro, The (1940)",1940.0,Adventure,Classic / International
1117,Surviving Picasso (1996),1996.0,Drama,Classic / International
1118,Up in Smoke (1978),1978.0,Comedy,Classic / International
1119,Some Kind of Wonderful (1987),1987.0,Drama|Romance,Classic / International
1120,I'm Not Rappaport (1996),1996.0,Comedy,Classic / International
1121,"Umbrellas of Cherbourg, The (Parapluies de Cherbourg, Les) (1964)",1964.0,Drama|Musical,Classic / International
1122,They Made Me a Criminal (1939),1939.0,Crime|Drama,Classic / International
1123,"Last Time I Saw Paris, The (1954)",1954.0,Drama,Classic / International
1124,"Farewell to Arms, A (1932)",1932.0,Romance|War,Classic / International
1125,"Innocents, The (1961)",1961.0,Thriller,Classic / International
1126,"Old Man and the Sea, The (1958)",1958.0,Adventure|Drama,Classic / International
1127,"Truman Show, The (1998)",1998.0,Drama,Classic / International
1128,Heidi Fleiss: Hollywood Madam (1995) ,1995.0,Documentary,Classic / International
1129,Chungking Express (1994),1994.0,Drama|Mystery|Romance,Classic / International
1130,Jupiter's Wife (1994),1994.0,Documentary,Classic / International
1131,Safe (1995),1995.0,Thriller,Classic / International
1132,Feeling Minnesota (1996),1996.0,Drama|Romance,Classic / International
1133,Escape to Witch Mountain (1975),1975.0,Adventure|Children's|Fantasy,Classic / International
1134,Get on the Bus (1996),1996.0,Drama,Classic / International
1135,"Doors, The (1991)",1991.0,Drama|Musical,Classic / International
1136,Ghosts of Mississippi (1996),1996.0,Drama,Classic / International
1137,Beautiful Thing (1996),1996.0,Drama|Romance,Classic / International
1138,Best Men (1997),1997.0,Action|Comedy|Crime|Drama,Classic / International
1139,Hackers (1995),1995.0,Action|Crime|Thriller,Classic / International
1140,"Road to Wellville, The (1994)",1994.0,Comedy,Classic / International
1141,"War Room, The (1993)",1993.0,Documentary,Classic / International
1142,When We Were Kings (1996),1996.0,Documentary,Classic / International
1143,Hard Eight (1996),1996.0,Crime|Thriller,Classic / International
1144,"Quiet Room, The (1996)",1996.0,Drama,Classic / International
1145,Blue Chips (1994),1994.0,Drama,Classic / International
1146,Calendar Girl (1993),1993.0,Drama,Classic / International
1147,My Family (1995),1995.0,Drama,Classic / International
1148,Tom & Viv (1994),1994.0,Drama,Classic / International
1149,Walkabout (1971),1971.0,Drama,Classic / International
1150,Last Dance (1996),1996.0,Drama,Classic / International
1151,Original Gangstas (1996),1996.0,Crime,Classic / International
1152,In Love and War (1996),1996.0,Romance|War,Classic / International
1153,Backbeat (1993),1993.0,Drama|Musical,Classic / International
1154,Alphaville (1965),1965.0,Sci-Fi,Classic / International
1155,"Rendezvous in Paris (Rendez-vous de Paris, Les) (1995)",1995.0,Comedy|Romance,Classic / International
1156,Cyclo (1995),1995.0,Crime|Drama,Classic / International
1157,"Relic, The (1997)",1997.0,Horror,Classic / International
1158,"Fille seule, La (A Single Girl) (1995)",1995.0,Drama,Classic / International
1159,Stalker (1979),1979.0,Mystery|Sci-Fi,Classic / International
1160,Love! Valour! Compassion! (1997),1997.0,Drama|Romance,Classic / International
1161,Palookaville (1996),1996.0,Action|Drama,Classic / International
1162,Phat Beach (1996),1996.0,Comedy,Classic / International
1163,"Portrait of a Lady, The (1996)",1996.0,Drama,Classic / International
1164,Zeus and Roxanne (1997),1997.0,Children's,Classic / International
1165,Big Bully (1996),1996.0,Comedy|Drama,Classic / International
1166,Love & Human Remains (1993),1993.0,Comedy,Classic / International
1167,"Sum of Us, The (1994)",1994.0,Comedy,Classic / International
1168,Little Buddha (1993),1993.0,Drama,Classic / International
1169,Fresh (1994),1994.0,Drama,Classic / International
1170,Spanking the Monkey (1994),1994.0,Comedy|Drama,Classic / International
1171,Wild Reeds (1994),1994.0,Drama,Classic / International
1172,"Women, The (1939)",1939.0,Comedy,Classic / International
1173,Bliss (1997),1997.0,Drama|Romance,Classic / International
1174,Caught (1996),1996.0,Drama|Thriller,Classic / International
1175,Hugo Pool (1997),1997.0,Romance,Classic / International
1176,Welcome To Sarajevo (1997),1997.0,Drama|War,Classic / International
1177,Dunston Checks In (1996),1996.0,Comedy,Classic / International
1178,Major Payne (1994),1994.0,Comedy,Classic / International
1179,Man of the House (1995),1995.0,Comedy,Classic / International
1180,I Love Trouble (1994),1994.0,Action|Comedy,Classic / International
1181,"Low Down Dirty Shame, A (1994)",1994.0,Action|Comedy,Classic / International
1182,Cops and Robbersons (1994),1994.0,Comedy,Classic / International
1183,"Cowboy Way, The (1994)",1994.0,Action|Comedy,Classic / International
1184,"Endless Summer 2, The (1994)",1994.0,Documentary,Classic / International
1185,In the Army Now (1994),1994.0,Comedy|War,Classic / International
1186,"Inkwell, The (1994)",1994.0,Comedy|Drama,Classic / International
1187,Switchblade Sisters (1975),1975.0,Crime,Classic / International
1188,Young Guns II (1990),1990.0,Action|Comedy|Western,Classic / International
1189,Prefontaine (1997),1997.0,Drama,Classic / International
1190,That Old Feeling (1997),1997.0,Comedy|Romance,Classic / International
1191,"Letter From Death Row, A (1998)",1998.0,Crime|Drama,Classic / International
1192,"Boys of St. Vincent, The (1993)",1993.0,Drama,Classic / International
1193,Before the Rain (Pred dozhdot) (1994),1994.0,Drama,Classic / International
1194,Once Were Warriors (1994),1994.0,Crime|Drama,Classic / International
1195,Strawberry and Chocolate (Fresa y chocolate) (1993),1993.0,Drama,Classic / International
1196,"Savage Nights (Nuits fauves, Les) (1992)",1992.0,Drama,Classic / International
1197,"Family Thing, A (1996)",1996.0,Comedy|Drama,Classic / International
1198,Purple Noon (1960),1960.0,Crime|Thriller,Classic / International
1199,Cemetery Man (Dellamorte Dellamore) (1994),1994.0,Comedy|Horror,Classic / International
1200,Kim (1950),1950.0,Children's|Drama,Classic / International
1201,Marlene Dietrich: Shadow and Light (1996) ,1996.0,Documentary,Classic / International
1202,"Maybe, Maybe Not (Bewegte Mann, Der) (1994)",1994.0,Comedy,Classic / International
1203,Top Hat (1935),1935.0,Comedy|Musical|Romance,Classic / International
1204,To Be or Not to Be (1942),1942.0,Comedy|Drama|War,Classic / International
1205,"Secret Agent, The (1996)",1996.0,Drama,Classic / International
1206,Amos & Andrew (1993),1993.0,Comedy,Classic / International
1207,Jade (1995),1995.0,Thriller,Classic / International
1208,Kiss of Death (1995),1995.0,Crime|Drama|Thriller,Classic / International
1209,Mixed Nuts (1994),1994.0,Comedy,Classic / International
1210,Virtuosity (1995),1995.0,Sci-Fi|Thriller,Classic / International
1211,Blue Sky (1994),1994.0,Drama|Romance,Classic / International
1212,Flesh and Bone (1993),1993.0,Drama|Mystery|Romance,Classic / International
1213,Guilty as Sin (1993),1993.0,Crime|Drama|Thriller,Classic / International
1214,In the Realm of the Senses (Ai no corrida) (1976),1976.0,Drama,Classic / International
1215,Barb Wire (1996),1996.0,Action|Sci-Fi,Classic / International
1216,Kissed (1996),1996.0,Romance,Classic / International
1217,Assassins (1995),1995.0,Thriller,Classic / International
1218,Friday (1995),1995.0,Comedy,Classic / International
1219,"Goofy Movie, A (1995)",1995.0,Animation|Children's|Comedy|Romance,Classic / International
1220,Higher Learning (1995),1995.0,Drama,Classic / International
1221,When a Man Loves a Woman (1994),1994.0,Drama,Classic / International
1222,Judgment Night (1993),1993.0,Action,Classic / International
1223,King of the Hill (1993),1993.0,Drama,Classic / International
1224,"Scout, The (1994)",1994.0,Drama,Classic / International
1225,Angus (1995),1995.0,Comedy,Classic / International
1226,Night Falls on Manhattan (1997),1997.0,Crime|Drama,Classic / International
1227,"Awfully Big Adventure, An (1995)",1995.0,Drama,Classic / International
1228,Under Siege 2: Dark Territory (1995),1995.0,Action,Classic / International
1229,Poison Ivy II (1995),1995.0,Drama|Thriller,Classic / International
1230,Ready to Wear (Pret-A-Porter) (1994),1994.0,Comedy,Classic / International
1231,Marked for Death (1990),1990.0,Action|Drama,Classic / International
1232,Madonna: Truth or Dare (1991),1991.0,Documentary,Classic / International
1233,Nénette et Boni (1996),1996.0,Drama,Classic / International
1234,Chairman of the Board (1998),1998.0,Comedy,Classic / International
1235,"Big Bang Theory, The (1994)",1994.0,Crime,Classic / International
1236,"Other Voices, Other Rooms (1997)",1997.0,Drama,Classic / International
1237,Twisted (1996),1996.0,Comedy|Drama,Classic / International
1238,Full Speed (1996),1996.0,Drama,Classic / International
1239,Cutthroat Island (1995),1995.0,Action|Adventure|Romance,Classic / International
1240,Ghost in the Shell (Kokaku kidotai) (1995),1995.0,Animation|Sci-Fi,Classic / International
1241,"Van, The (1996)",1996.0,Comedy|Drama,Classic / International
1242,"Old Lady Who Walked in the Sea, The (Vieille qui marchait dans la mer, La) (1991)",1991.0,Comedy,Classic / International
1243,Night Flier (1997),1997.0,Horror,Classic / International
1244,Metro (1997),1997.0,Action,Classic / International
1245,Gridlock'd (1997),1997.0,Crime,Classic / International
1246,Bushwhacked (1995),1995.0,Comedy,Classic / International
1247,Bad Girls (1994),1994.0,Western,Classic / International
1248,Blink (1994),1994.0,Thriller,Classic / International
1249,For Love or Money (1993),1993.0,Comedy,Classic / International
1250,Best of the Best 3: No Turning Back (1995),1995.0,Action,Classic / International
1251,A Chef in Love (1996),1996.0,Comedy,Classic / International
1252,"Contempt (Mépris, Le) (1963)",1963.0,Drama,Classic / International
1253,"Tie That Binds, The (1995)",1995.0,Thriller,Classic / International
1254,Gone Fishin' (1997),1997.0,Comedy,Classic / International
1255,Broken English (1996),1996.0,Drama,Classic / International
1256,"Designated Mourner, The (1997)",1997.0,Drama,Classic / International
1257,"Designated Mourner, The (1997)",1997.0,Drama,Classic / International
1258,Trial and Error (1997),1997.0,Comedy|Romance,Classic / International
1259,Pie in the Sky (1995),1995.0,Comedy|Romance,Classic / International
1260,Total Eclipse (1995),1995.0,Drama,Classic / International
1261,"Run of the Country, The (1995)",1995.0,Drama,Classic / International
1262,Walking and Talking (1996),1996.0,Romance,Classic / International
1263,Foxfire (1996),1996.0,Drama,Classic / International
1264,Nothing to Lose (1994),1994.0,Drama,Classic / International
1265,Star Maps (1997),1997.0,Drama,Classic / International
1266,Bread and Chocolate (Pane e cioccolata) (1973),1973.0,Drama,Classic / International
1267,Clockers (1995),1995.0,Drama,Classic / International
1268,Bitter Moon (1992),1992.0,Drama,Classic / International
1269,Love in the Afternoon (1957),1957.0,Comedy|Romance,Classic / International
1270,Life with Mikey (1993),1993.0,Comedy,Classic / International
1271,North (1994),1994.0,Comedy,Classic / International
1272,Talking About Sex (1994),1994.0,Comedy|Drama,Classic / International
1273,Color of Night (1994),1994.0,Drama|Thriller,Classic / International
1274,Robocop 3 (1993),1993.0,Sci-Fi|Thriller,Classic / International
1275,Killer (Bulletproof Heart) (1994),1994.0,Thriller,Classic / International
1276,Sunset Park (1996),1996.0,Drama,Classic / International
1277,Set It Off (1996),1996.0,Action|Crime,Classic / International
1278,Selena (1997),1997.0,Drama|Musical,Classic / International
1279,Wild America (1997),1997.0,Adventure|Children's,Classic / International
1280,Gang Related (1997),1997.0,Crime,Classic / International
1281,Manny & Lo (1996),1996.0,Drama,Classic / International
1282,"Grass Harp, The (1995)",1995.0,Drama,Classic / International
1283,Out to Sea (1997),1997.0,Comedy,Classic / International
1284,Before and After (1996),1996.0,Drama|Mystery,Classic / International
1285,Princess Caraboo (1994),1994.0,Drama,Classic / International
1286,Shall We Dance? (1937),1937.0,Comedy|Musical|Romance,Classic / International
1287,Ed (1996),1996.0,Comedy,Classic / International
1288,Denise Calls Up (1995),1995.0,Comedy,Classic / International
1289,Jack and Sarah (1995),1995.0,Romance,Classic / International
1290,Country Life (1994),1994.0,Drama|Romance,Classic / International
1291,Celtic Pride (1996),1996.0,Comedy,Classic / International
1292,"Simple Wish, A (1997)",1997.0,Children's|Fantasy,Classic / International
1293,Star Kid (1997),1997.0,Adventure|Children's|Fantasy|Sci-Fi,Classic / International
1294,Ayn Rand: A Sense of Life (1997),1997.0,Documentary,Classic / International
1295,Kicked in the Head (1997),1997.0,Comedy|Drama,Classic / International
1296,Indian Summer (1996),1996.0,Comedy|Drama,Classic / International
1297,Love Affair (1994),1994.0,Drama|Romance,Classic / International
1298,"Band Wagon, The (1953)",1953.0,Comedy|Musical,Classic / International
1299,Penny Serenade (1941),1941.0,Drama|Romance,Classic / International
1300,'Til There Was You (1997),1997.0,Drama|Romance,Classic / International
1301,Stripes (1981),1981.0,Comedy,Classic / International
1302,Late Bloomers (1996),1996.0,Comedy,Classic / International
1303,"Getaway, The (1994)",1994.0,Action,Classic / International
1304,New York Cop (1996),1996.0,Action|Crime,Classic / International
1305,National Lampoon's Senior Trip (1995),1995.0,Comedy,Classic / International
1306,Delta of Venus (1994),1994.0,Drama,Classic / International
1307,Carmen Miranda: Bananas Is My Business (1994),1994.0,Documentary,Classic / International
1308,Babyfever (1994),1994.0,Comedy|Drama,Classic / International
1309,"Very Natural Thing, A (1974)",1974.0,Drama,Classic / International
1310,"Walk in the Sun, A (1945)",1945.0,Drama,Classic / International
1311,Waiting to Exhale (1995),1995.0,Comedy|Drama,Classic / International
1312,"Pompatus of Love, The (1996)",1996.0,Comedy|Drama,Classic / International
1313,Palmetto (1998),1998.0,Film-Noir|Mystery|Thriller,Classic / International
1314,Surviving the Game (1994),1994.0,Action|Adventure|Thriller,Classic / International
1315,Inventing the Abbotts (1997),1997.0,Drama|Romance,Classic / International
1316,"Horse Whisperer, The (1998)",1998.0,Drama,Classic / International
1317,"Journey of August King, The (1995)",1995.0,Drama,Classic / International
1318,Catwalk (1995),1995.0,Documentary,Classic / International
1319,"Neon Bible, The (1995)",1995.0,Drama,Classic / International
1320,Homage (1995),1995.0,Drama,Classic / International
1321,Open Season (1996),1996.0,Comedy,Classic / International
1322,Metisse (Café au Lait) (1993),1993.0,Comedy,Classic / International
1323,"Wooden Man's Bride, The (Wu Kui) (1994)",1994.0,Drama,Classic / International
1324,Loaded (1994),1994.0,Drama|Thriller,Classic / International
1325,August (1996),1996.0,Drama,Classic / International
1326,Boys (1996),1996.0,Drama,Classic / International
1327,Captives (1994),1994.0,Drama,Classic / International
1328,Of Love and Shadows (1994),1994.0,Drama,Classic / International
1329,"Low Life, The (1994)",1994.0,Drama,Classic / International
1330,An Unforgettable Summer (1994),1994.0,Drama,Classic / International
1331,"Last Klezmer: Leopold Kozlowski, His Life and Music, The (1995)",1995.0,Documentary,Classic / International
1332,My Life and Times With Antonin Artaud (En compagnie d'Antonin Artaud) (1993),1993.0,Drama,Classic / International
1333,Midnight Dancers (Sibak) (1994),1994.0,Comedy|Drama,Classic / International
1334,Somebody to Love (1994),1994.0,Drama,Classic / International
1335,American Buffalo (1996),1996.0,Drama,Classic / International
1336,Kazaam (1996),1996.0,Children's|Comedy|Fantasy,Classic / International
1337,Larger Than Life (1996),1996.0,Comedy,Classic / International
1338,Two Deaths (1995),1995.0,Drama,Classic / International
1339,Stefano Quantestorie (1993),1993.0,Comedy|Drama,Classic / International
1340,"Crude Oasis, The (1995)",1995.0,Romance,Classic / International
1341,Hedd Wyn (1992),1992.0,Drama,Classic / International
1342,"Convent, The (Convento, O) (1995)",1995.0,Drama,Classic / International
1343,Lotto Land (1995),1995.0,Drama,Classic / International
1344,"Story of Xinghua, The (1993)",1993.0,Drama,Classic / International
1345,"Day the Sun Turned Cold, The (Tianguo niezi) (1994)",1994.0,Drama,Classic / International
1346,Dingo (1992),1992.0,Drama,Classic / International
1347,"Ballad of Narayama, The (Narayama Bushiko) (1958)",1958.0,Drama,Classic / International
1348,Every Other Weekend (1990),1990.0,Drama,Classic / International
1349,Mille bolle blu (1993),1993.0,Comedy,Classic / International
1350,Crows and Sparrows (1949),1949.0,Drama,Classic / International
1351,Lover's Knot (1996),1996.0,Comedy,Classic / International
1352,Shadow of Angels (Schatten der Engel) (1976),1976.0,Drama,Classic / International
1353,1-900 (1994),1994.0,Romance,Classic / International
1354,Venice/Venice (1992),1992.0,Drama,Classic / International
1355,Infinity (1996),1996.0,Drama,Classic / International
1356,Ed's Next Move (1996),1996.0,Comedy,Classic / International
1357,For the Moment (1994),1994.0,Romance|War,Classic / International
1358,The Deadly Cure (1996),1996.0,Action,Classic / International
1359,Boys in Venice (1996),1996.0,Drama,Classic / International
1360,"Sexual Life of the Belgians, The (1994)",1994.0,Comedy,Classic / International
1361,"Search for One-eye Jimmy, The (1996)",1996.0,Comedy,Classic / International
1362,American Strays (1996),1996.0,Action,Classic / International
1363,"Leopard Son, The (1996)",1996.0,Documentary,Classic / International
1364,Bird of Prey (1996),1996.0,Action,Classic / International
1365,Johnny 100 Pesos (1993),1993.0,Action|Drama,Classic / International
1366,JLG/JLG - autoportrait de décembre (1994),1994.0,Documentary|Drama,Classic / International
1367,Faust (1994),1994.0,Animation,Classic / International
1368,Mina Tannenbaum (1994),1994.0,Drama,Classic / International
1369,"Forbidden Christ, The (Cristo proibito, Il) (1950)",1950.0,Drama,Classic / International
1370,I Can't Sleep (J'ai pas sommeil) (1994),1994.0,Drama|Thriller,Classic / International
1371,"Machine, The (1994)",1994.0,Comedy|Horror,Classic / International
1372,"Stranger, The (1994)",1994.0,Action,Classic / International
1373,Good Morning (1971),1971.0,unknown,Classic / International
1374,Falling in Love Again (1980),1980.0,Comedy,Classic / International
1375,"Cement Garden, The (1993)",1993.0,Drama,Classic / International
1376,Meet Wally Sparks (1997),1997.0,Comedy,Classic / International
1377,Hotel de Love (1996),1996.0,Comedy|Romance,Classic / International
1378,Rhyme & Reason (1997),1997.0,Documentary,Classic / International
1379,Love and Other Catastrophes (1996),1996.0,Romance,Classic / International
1380,Hollow Reed (1996),1996.0,Drama,Classic / International
1381,Losing Chase (1996),1996.0,Drama,Classic / International
1382,"Bonheur, Le (1965)",1965.0,Drama,Classic / International
1383,"Second Jungle Book: Mowgli & Baloo, The (1997)",1997.0,Adventure|Children's,Classic / International
1384,Squeeze (1996),1996.0,Drama,Classic / International
1385,Roseanna's Grave (For Roseanna) (1997),1997.0,Comedy|Romance,Classic / International
1386,Tetsuo II: Body Hammer (1992),1992.0,Sci-Fi,Classic / International
1387,Fall (1997),1997.0,Romance,Classic / International
1388,Gabbeh (1996),1996.0,Drama,Classic / International
1389,Mondo (1996),1996.0,Drama,Classic / International
1390,"Innocent Sleep, The (1995)",1995.0,Crime,Classic / International
1391,For Ever Mozart (1996),1996.0,Drama,Classic / International
1392,"Locusts, The (1997)",1997.0,Drama,Classic / International
1393,Stag (1997),1997.0,Action|Thriller,Classic / International
1394,Swept from the Sea (1997),1997.0,Romance,Classic / International
1395,Hurricane Streets (1998),1998.0,Drama,Classic / International
1396,Stonewall (1995),1995.0,Drama,Classic / International
1397,Of Human Bondage (1934),1934.0,Drama,Classic / International
1398,Anna (1996),1996.0,Drama,Classic / International
1399,Stranger in the House (1997),1997.0,Thriller,Classic / International
1400,Picture Bride (1995),1995.0,Drama|Romance,Classic / International
1401,M. Butterfly (1993),1993.0,Drama,Classic / International
1402,"Ciao, Professore! (1993)",1993.0,Drama,Classic / International
1403,Caro Diario (Dear Diary) (1994),1994.0,Comedy|Drama,Classic / International
1404,Withnail and I (1987),1987.0,Comedy,Classic / International
1405,Boy's Life 2 (1997),1997.0,Drama,Classic / International
1406,When Night Is Falling (1995),1995.0,Drama|Romance,Classic / International
1407,"Specialist, The (1994)",1994.0,Action,Classic / International
1408,Gordy (1995),1995.0,Comedy,Classic / International
1409,"Swan Princess, The (1994)",1994.0,Animation|Children's,Classic / International
1410,Harlem (1993),1993.0,Drama,Classic / International
1411,Barbarella (1968),1968.0,Adventure|Sci-Fi,Classic / International
1412,Land Before Time III: The Time of the Great Giving (1995) (V),1995.0,Animation|Children's,Classic / International
1413,Street Fighter (1994),1994.0,Action,Classic / International
1414,Coldblooded (1995),1995.0,Action,Classic / International
1415,"Next Karate Kid, The (1994)",1994.0,Action|Children's,Classic / International
1416,No Escape (1994),1994.0,Action|Sci-Fi,Classic / International
1417,"Turning, The (1992)",1992.0,Drama,Classic / International
1418,"Joy Luck Club, The (1993)",1993.0,Drama,Classic / International
1419,Highlander III: The Sorcerer (1994),1994.0,Action|Sci-Fi,Classic / International
1420,Gilligan's Island: The Movie (1998),1998.0,Comedy,Classic / International
1421,My Crazy Life (Mi vida loca) (1993),1993.0,Drama,Classic / International
1422,Suture (1993),1993.0,Film-Noir|Thriller,Classic / International
1423,"Walking Dead, The (1995)",1995.0,Drama|War,Classic / International
1424,I Like It Like That (1994),1994.0,Comedy|Drama|Romance,Classic / International
1425,I'll Do Anything (1994),1994.0,Comedy|Drama,Classic / International
1426,Grace of My Heart (1996),1996.0,Comedy|Drama,Classic / International
1427,Drunks (1995),1995.0,Drama,Classic / International
1428,SubUrbia (1997),1997.0,Comedy,Classic / International
1429,Sliding Doors (1998),1998.0,Drama|Romance,Classic / International
1430,Ill Gotten Gains (1997),1997.0,Drama,Classic / International
1431,Legal Deceit (1997),1997.0,Thriller,Classic / International
1432,"Mighty, The (1998)",1998.0,Drama,Classic / International
1433,Men of Means (1998),1998.0,Action|Drama,Classic / International
1434,Shooting Fish (1997),1997.0,Romance,Classic / International
1435,"Steal Big, Steal Little (1995)",1995.0,Comedy,Classic / International
1436,Mr. Jones (1993),1993.0,Drama|Romance,Classic / International
1437,House Party 3 (1994),1994.0,Comedy,Classic / International
1438,Panther (1995),1995.0,Drama,Classic / International
1439,Jason's Lyric (1994),1994.0,Crime|Drama,Classic / International
1440,Above the Rim (1994),1994.0,Drama,Classic / International
1441,Moonlight and Valentino (1995),1995.0,Drama|Romance,Classic / International
1442,"Scarlet Letter, The (1995)",1995.0,Drama,Classic / International
1443,8 Seconds (1994),1994.0,Drama,Classic / International
1444,That Darn Cat! (1965),1965.0,Children's|Comedy|Mystery,Classic / International
1445,Ladybird Ladybird (1994),1994.0,Drama,Classic / International
1446,"Bye Bye, Love (1995)",1995.0,Comedy,Classic / International
1447,Century (1993),1993.0,Drama,Classic / International
1448,My Favorite Season (1993),1993.0,Drama,Classic / International
1449,Pather Panchali (1955),1955.0,Drama,Classic / International
1450,Golden Earrings (1947),1947.0,Adventure|Romance,Classic / International
1451,Foreign Correspondent (1940),1940.0,Thriller,Classic / International
1452,Lady of Burlesque (1943),1943.0,Comedy|Mystery,Classic / International
1453,Angel on My Shoulder (1946),1946.0,Crime|Drama,Classic / International
1454,Angel and the Badman (1947),1947.0,Western,Classic / International
1455,"Outlaw, The (1943)",1943.0,Western,Classic / International
1456,Beat the Devil (1954),1954.0,Comedy|Drama,Classic / International
1457,Love Is All There Is (1996),1996.0,Comedy|Drama,Classic / International
1458,"Damsel in Distress, A (1937)",1937.0,Comedy|Musical|Romance,Classic / International
1459,Madame Butterfly (1995),1995.0,Musical,Classic / International
1460,Sleepover (1995),1995.0,Comedy|Drama,Classic / International
1461,Here Comes Cookie (1935),1935.0,Comedy,Classic / International
1462,"Thieves (Voleurs, Les) (1996)",1996.0,Crime|Drama|Romance,Classic / International
1463,"Boys, Les (1997)",1997.0,Comedy,Classic / International
1464,"Stars Fell on Henrietta, The (1995)",1995.0,Drama,Classic / International
1465,Last Summer in the Hamptons (1995),1995.0,Comedy|Drama,Classic / International
1466,Margaret's Museum (1995),1995.0,Drama,Classic / International
1467,"Saint of Fort Washington, The (1993)",1993.0,Drama,Classic / International
1468,"Cure, The (1995)",1995.0,Drama,Classic / International
1469,Tom and Huck (1995),1995.0,Adventure|Children's,Classic / International
1470,Gumby: The Movie (1995),1995.0,Animation|Children's,Classic / International
1471,Hideaway (1995),1995.0,Thriller,Classic / International
1472,"Visitors, The (Visiteurs, Les) (1993)",1993.0,Comedy|Sci-Fi,Classic / International
1473,"Little Princess, The (1939)",1939.0,Children's|Drama,Classic / International
1474,Nina Takes a Lover (1994),1994.0,Comedy|Romance,Classic / International
1475,Bhaji on the Beach (1993),1993.0,Comedy|Drama,Classic / International
1476,Raw Deal (1948),1948.0,Film-Noir,Classic / International
1477,Nightwatch (1997),1997.0,Horror|Thriller,Classic / International
1478,Dead Presidents (1995),1995.0,Action|Crime|Drama,Classic / International
1479,Reckless (1995),1995.0,Comedy,Classic / International
1480,Herbie Rides Again (1974),1974.0,Adventure|Children's|Comedy,Classic / International
1481,S.F.W. (1994),1994.0,Drama,Classic / International
1482,"Gate of Heavenly Peace, The (1995)",1995.0,Documentary,Classic / International
1483,"Man in the Iron Mask, The (1998)",1998.0,Action|Drama|Romance,Classic / International
1484,"Jerky Boys, The (1994)",1994.0,Action|Comedy,Classic / International
1485,"Colonel Chabert, Le (1994)",1994.0,Drama|Romance|War,Classic / International
1486,Girl in the Cadillac (1995),1995.0,Drama,Classic / International
1487,Even Cowgirls Get the Blues (1993),1993.0,Comedy|Romance,Classic / International
1488,Germinal (1993),1993.0,Drama,Classic / International
1489,Chasers (1994),1994.0,Comedy,Classic / International
1490,Fausto (1993),1993.0,Comedy,Classic / International
1491,Tough and Deadly (1995),1995.0,Action|Drama|Thriller,Classic / International
1492,Window to Paris (1994),1994.0,Comedy,Classic / International
1493,"Modern Affair, A (1995)",1995.0,Romance,Classic / International
1494,"Mostro, Il (1994)",1994.0,Comedy,Classic / International
1495,Flirt (1995),1995.0,Drama,Classic / International
1496,Carpool (1996),1996.0,Comedy|Crime,Classic / International
1497,"Line King: Al Hirschfeld, The (1996)",1996.0,Documentary,Classic / International
1498,Farmer & Chase (1995),1995.0,Comedy,Classic / International
1499,Grosse Fatigue (1994),1994.0,Comedy,Classic / International
1500,Santa with Muscles (1996),1996.0,Comedy,Classic / International
1501,Prisoner of the Mountains (Kavkazsky Plennik) (1996),1996.0,War,Classic / International
1502,Naked in New York (1994),1994.0,Comedy|Romance,Classic / International
1503,Gold Diggers: The Secret of Bear Mountain (1995),1995.0,Adventure|Children's,Classic / International
1504,"Bewegte Mann, Der (1994)",1994.0,Comedy,Classic / International
1505,Killer: A Journal of Murder (1995),1995.0,Crime|Drama,Classic / International
1506,Nelly & Monsieur Arnaud (1995),1995.0,Drama,Classic / International
1507,Three Lives and Only One Death (1996),1996.0,Comedy,Classic / International
1508,"Babysitter, The (1995)",1995.0,Drama|Thriller,Classic / International
1509,Getting Even with Dad (1994),1994.0,Comedy,Classic / International
1510,Mad Dog Time (1996),1996.0,Crime,Classic / International
1511,Children of the Revolution (1996),1996.0,Comedy,Classic / International
1512,"World of Apu, The (Apur Sansar) (1959)",1959.0,Drama,Classic / International
1513,Sprung (1997),1997.0,Comedy,Classic / International
1514,Dream With the Fishes (1997),1997.0,Drama,Classic / International
1515,Wings of Courage (1995),1995.0,Adventure|Romance,Classic / International
1516,"Wedding Gift, The (1994)",1994.0,Drama,Classic / International
1517,Race the Sun (1996),1996.0,Drama,Classic / International
1518,Losing Isaiah (1995),1995.0,Drama,Classic / International
1519,New Jersey Drive (1995),1995.0,Crime|Drama,Classic / International
1520,"Fear, The (1995)",1995.0,Horror,Classic / International
1521,Mr. Wonderful (1993),1993.0,Comedy|Romance,Classic / International
1522,Trial by Jury (1994),1994.0,Thriller,Classic / International
1523,"Good Man in Africa, A (1994)",1994.0,Action|Adventure,Classic / International
1524,Kaspar Hauser (1993),1993.0,Drama,Classic / International
1525,"Object of My Affection, The (1998)",1998.0,Comedy|Romance,Classic / International
1526,Witness (1985),1985.0,Drama|Romance|Thriller,Classic / International
1527,Senseless (1998),1998.0,Comedy,Classic / International
1528,Nowhere (1997),1997.0,Drama,Classic / International
1529,Underground (1995),1995.0,War,Classic / International
1530,Jefferson in Paris (1995),1995.0,Drama,Classic / International
1531,Far From Home: The Adventures of Yellow Dog (1995),1995.0,Adventure|Children's,Classic / International
1532,Foreign Student (1994),1994.0,Drama,Classic / International
1533,I Don't Want to Talk About It (De eso no se habla) (1993),1993.0,Drama,Classic / International
1534,Twin Town (1997),1997.0,Comedy|Crime,Classic / International
1535,"Enfer, L' (1994)",1994.0,Drama,Classic / International
1536,Aiqing wansui (1994),1994.0,Drama,Classic / International
1537,Cosi (1996),1996.0,Comedy,Classic / International
1538,All Over Me (1997),1997.0,Drama,Classic / International
1539,Being Human (1993),1993.0,Drama,Classic / International
1540,"Amazing Panda Adventure, The (1995)",1995.0,Adventure|Children's,Classic / International
1541,"Beans of Egypt, Maine, The (1994)",1994.0,Drama,Classic / International
1542,"Scarlet Letter, The (1926)",1926.0,Drama,Classic / International
1543,Johns (1996),1996.0,Drama,Classic / International
1544,It Takes Two (1995),1995.0,Comedy,Classic / International
1545,Frankie Starlight (1995),1995.0,Drama|Romance,Classic / International
1546,Shadows (Cienie) (1988),1988.0,Drama,Classic / International
1547,"Show, The (1995)",1995.0,Documentary,Classic / International
1548,The Courtyard (1995),1995.0,Action|Thriller,Classic / International
1549,Dream Man (1995),1995.0,Thriller,Classic / International
1550,Destiny Turns on the Radio (1995),1995.0,Comedy,Classic / International
1551,"Glass Shield, The (1994)",1994.0,Drama,Classic / International
1552,"Hunted, The (1995)",1995.0,Action,Classic / International
1553,"Underneath, The (1995)",1995.0,Mystery|Thriller,Classic / International
1554,Safe Passage (1994),1994.0,Drama,Classic / International
1555,"Secret Adventures of Tom Thumb, The (1993)",1993.0,Adventure|Children's,Classic / International
1556,Condition Red (1995),1995.0,Action|Drama|Thriller,Classic / International
1557,Yankee Zulu (1994),1994.0,Comedy|Drama,Classic / International
1558,Aparajito (1956),1956.0,Drama,Classic / International
1559,Hostile Intentions (1994),1994.0,Action|Drama|Thriller,Classic / International
1560,Clean Slate (Coup de Torchon) (1981),1981.0,Crime,Classic / International
1561,Tigrero: A Film That Was Never Made (1994),1994.0,Documentary|Drama,Classic / International
1562,"Eye of Vichy, The (Oeil de Vichy, L') (1993)",1993.0,Documentary,Classic / International
1563,"Promise, The (Versprechen, Das) (1994)",1994.0,Romance,Classic / International
1564,To Cross the Rubicon (1991),1991.0,Drama,Classic / International
1565,Daens (1992),1992.0,Drama,Classic / International
1566,"Man from Down Under, The (1943)",1943.0,Drama,Classic / International
1567,Careful (1992),1992.0,Comedy,Classic / International
1568,Vermont Is For Lovers (1992),1992.0,Comedy|Romance,Classic / International
1569,"Vie est belle, La (Life is Rosey) (1987)",1987.0,Comedy|Drama,Classic / International
1570,Quartier Mozart (1992),1992.0,Comedy,Classic / International
1571,Touki Bouki (Journey of the Hyena) (1973),1973.0,Drama,Classic / International
1572,Wend Kuuni (God's Gift) (1982),1982.0,Drama,Classic / International
1573,Spirits of the Dead (Tre passi nel delirio) (1968),1968.0,Horror,Classic / International
1574,Pharaoh's Army (1995),1995.0,War,Classic / International
1575,"I, Worst of All (Yo, la peor de todas) (1990)",1990.0,Drama,Classic / International
1576,"Hungarian Fairy Tale, A (1987)",1987.0,Fantasy,Classic / International
1577,"Death in the Garden (Mort en ce jardin, La) (1956)",1956.0,Drama,Classic / International
1578,"Collectionneuse, La (1967)",1967.0,Drama,Classic / International
1579,Baton Rouge (1988),1988.0,Thriller,Classic / International
1580,Liebelei (1933),1933.0,Romance,Classic / International
1581,"Woman in Question, The (1950)",1950.0,Mystery,Classic / International
1582,T-Men (1947),1947.0,Film-Noir,Classic / International
1583,"Invitation, The (Zaproszenie) (1986)",1986.0,Drama,Classic / International
1584,"Symphonie pastorale, La (1946)",1946.0,Drama,Classic / International
1585,American Dream (1990),1990.0,Documentary,Classic / International
1586,Lashou shentan (1992),1992.0,Action|Crime|Drama,Classic / International
1587,Terror in a Texas Town (1958),1958.0,Western,Classic / International
1588,Salut cousin! (1996),1996.0,Comedy|Drama,Classic / International
1589,Schizopolis (1996),1996.0,Comedy,Classic / International
1590,"To Have, or Not (1995)",1995.0,Drama,Classic / International
1591,Duoluo tianshi (1995),1995.0,Drama,Classic / International
1592,"Magic Hour, The (1998)",1998.0,Drama,Classic / International
1593,Death in Brunswick (1991),1991.0,Comedy,Classic / International
1594,Everest (1998),1998.0,Documentary,Classic / International
1595,Shopping (1994),1994.0,Action|Thriller,Classic / International
1596,Nemesis 2: Nebula (1995),1995.0,Action|Sci-Fi|Thriller,Classic / International
1597,Romper Stomper (1992),1992.0,Action|Drama,Classic / International
1598,City of Industry (1997),1997.0,Crime|Thriller,Classic / International
1599,Someone Else's America (1995),1995.0,Drama,Classic / International
1600,Guantanamera (1994),1994.0,Comedy,Classic / International
1601,Office Killer (1997),1997.0,Thriller,Classic / International
1602,"Price Above Rubies, A (1998)",1998.0,Drama,Classic / International
1603,Angela (1995),1995.0,Drama,Classic / International
1604,He Walked by Night (1948),1948.0,Crime|Film-Noir|Thriller,Classic / International
1605,Love Serenade (1996),1996.0,Comedy,Classic / International
1606,Deceiver (1997),1997.0,Crime,Classic / International
1607,Hurricane Streets (1998),1998.0,Drama,Classic / International
1608,Buddy (1997),1997.0,Adventure|Children's|Drama,Classic / International
1609,B*A*P*S (1997),1997.0,Comedy,Classic / International
1610,"Truth or Consequences, N.M. (1997)",1997.0,Action|Crime|Romance,Classic / International
1611,Intimate Relations (1996),1996.0,Comedy,Classic / International
1612,"Leading Man, The (1996)",1996.0,Romance,Classic / International
1613,Tokyo Fist (1995),1995.0,Action|Drama,Classic / International
1614,"Reluctant Debutante, The (1958)",1958.0,Comedy|Drama,Classic / International
1615,Warriors of Virtue (1997),1997.0,Action|Adventure|Children's|Fantasy,Classic / International
1616,Desert Winds (1995),1995.0,Drama,Classic / International
1617,Hugo Pool (1997),1997.0,Romance,Classic / International
1618,King of New York (1990),1990.0,Action|Crime,Classic / International
1619,All Things Fair (1996),1996.0,Drama,Classic / International
1620,"Sixth Man, The (1997)",1997.0,Comedy,Classic / International
1621,Butterfly Kiss (1995),1995.0,Thriller,Classic / International
1622,"Paris, France (1993)",1993.0,Comedy,Classic / International
1623,"Cérémonie, La (1995)",1995.0,Drama,Classic / International
1624,Hush (1998),1998.0,Thriller,Classic / International
1625,Nightwatch (1997),1997.0,Horror|Thriller,Classic / International
1626,Nobody Loves Me (Keiner liebt mich) (1994),1994.0,Comedy|Drama,Classic / International
1627,"Wife, The (1995)",1995.0,Comedy|Drama,Classic / International
1628,Lamerica (1994),1994.0,Drama,Classic / International
1629,Nico Icon (1995),1995.0,Documentary,Classic / International
1630,"Silence of the Palace, The (Saimt el Qusur) (1994)",1994.0,Drama,Classic / International
1631,"Slingshot, The (1993)",1993.0,Comedy|Drama,Classic / International
1632,Land and Freedom (Tierra y libertad) (1995),1995.0,War,Classic / International
1633,Á köldum klaka (Cold Fever) (1994),1994.0,Comedy|Drama,Classic / International
1634,Etz Hadomim Tafus (Under the Domin Tree) (1994),1994.0,Drama,Classic / International
1635,Two Friends (1986) ,1986.0,Drama,Classic / International
1636,Brothers in Trouble (1995),1995.0,Drama,Classic / International
1637,Girls Town (1996),1996.0,Drama,Classic / International
1638,Normal Life (1996),1996.0,Crime|Drama,Classic / International
1639,Bitter Sugar (Azucar Amargo) (1996),1996.0,Drama,Classic / International
1640,"Eighth Day, The (1996)",1996.0,Drama,Classic / International
1641,Dadetown (1995),1995.0,Documentary,Classic / International
1642,Some Mother's Son (1996),1996.0,Drama,Classic / International
1643,Angel Baby (1995),1995.0,Drama,Classic / International
1644,Sudden Manhattan (1996),1996.0,Comedy,Classic / International
1645,"Butcher Boy, The (1998)",1998.0,Drama,Classic / International
1646,Men With Guns (1997),1997.0,Action|Drama,Classic / International
1647,Hana-bi (1997),1997.0,Comedy|Crime|Drama,Classic / International
1648,"Niagara, Niagara (1997)",1997.0,Drama,Classic / International
1649,"Big One, The (1997)",1997.0,Comedy|Documentary,Classic / International
1650,"Butcher Boy, The (1998)",1998.0,Drama,Classic / International
1651,"Spanish Prisoner, The (1997)",1997.0,Drama|Thriller,Classic / International
1652,Temptress Moon (Feng Yue) (1996),1996.0,Romance,Classic / International
1653,Entertaining Angels: The Dorothy Day Story (1996),1996.0,Drama,Classic / International
1654,Chairman of the Board (1998),1998.0,Comedy,Classic / International
1655,"Favor, The (1994)",1994.0,Comedy|Romance,Classic / International
1656,Little City (1998),1998.0,Comedy|Romance,Classic / International
1657,Target (1995),1995.0,Action|Drama,Classic / International
1658,"Substance of Fire, The (1996)",1996.0,Drama,Classic / International
1659,Getting Away With Murder (1996),1996.0,Comedy,Classic / International
1660,Small Faces (1995),1995.0,Drama,Classic / International
1661,"New Age, The (1994)",1994.0,Drama,Classic / International
1662,Rough Magic (1995),1995.0,Drama|Romance,Classic / International
1663,Nothing Personal (1995),1995.0,Drama|War,Classic / International
1664,8 Heads in a Duffel Bag (1997),1997.0,Comedy,Classic / International
1665,"Brother's Kiss, A (1997)",1997.0,Drama,Classic / International
1666,Ripe (1996),1996.0,Drama,Classic / International
1667,"Next Step, The (1995)",1995.0,Drama,Classic / International
1668,Wedding Bell Blues (1996),1996.0,Comedy,Classic / International
1669,MURDER and murder (1996),1996.0,Crime|Drama|Mystery,Classic / International
1670,Tainted (1998),1998.0,Comedy|Thriller,Classic / International
1671,"Further Gesture, A (1996)",1996.0,Drama,Classic / International
1672,Kika (1993),1993.0,Drama,Classic / International
1673,Mirage (1995),1995.0,Action|Thriller,Classic / International
1674,Mamma Roma (1962),1962.0,Drama,Classic / International
1675,"Sunchaser, The (1996)",1996.0,Drama,Classic / International
1676,"War at Home, The (1996)",1996.0,Drama,Classic / International
1677,Sweet Nothing (1995),1995.0,Drama,Classic / International
1678,Mat' i syn (1997),1997.0,Drama,Classic / International
1679,B. Monkey (1998),1998.0,Romance|Thriller,Classic / International
1680,Sliding Doors (1998),1998.0,Drama|Romance,Classic / International
1681,You So Crazy (1994),1994.0,Comedy,Classic / International
1682,Scream of Stone (Schrei aus Stein) (1991),1991.0,Drama,Classic / International
1683,"Batman Part II, The (2026)",2026.0,Action|Crime|Drama,Hollywood
1684,Avengers: Doomsday (2026),2026.0,Action|Adventure|Sci-Fi,Hollywood
1685,Project Hail Mary (2026),2026.0,Adventure|Drama|Sci-Fi,Hollywood
1686,Avatar: Fire and Ash (2025),2025.0,Action|Adventure|Fantasy|Sci-Fi,Hollywood
1687,Spider-Man: Beyond the Spider-Verse (2026),2026.0,Animation|Action|Adventure|Sci-Fi,Hollywood
1688,Ramayana: Part 1 (2026),2026.0,Action|Adventure|Drama|Fantasy,Bollywood
1689,Krrish 4 (2026),2026.0,Action|Sci-Fi,Bollywood
1690,War 2 (2025),2025.0,Action|Thriller,Bollywood
1691,Dune: Messiah (2026),2026.0,Action|Adventure|Drama|Sci-Fi,Hollywood
1692,Star Wars: The Mandalorian & Grogu (2026),2026.0,Action|Adventure|Sci-Fi,Hollywood
1693,Toy Story 5 (2026),2026.0,Animation|Adventure|Comedy,Hollywood
1694,Shrek 5 (2026),2026.0,Animation|Adventure|Comedy|Fantasy,Hollywood
1695,Dune: Part Two (2024),2024.0,Action|Adventure|Drama|Sci-Fi,Hollywood
1696,Deadpool & Wolverine (2024),2024.0,Action|Comedy|Sci-Fi,Hollywood
1697,Inside Out 2 (2024),2024.0,Animation|Adventure|Comedy|Drama,Hollywood
1698,Kalki 2898 AD (2024),2024.0,Action|Adventure|Drama|Sci-Fi,Bollywood
1699,Stree 2 (2024),2024.0,Comedy|Horror,Bollywood
1700,Furiosa: A Mad Max Saga (2024),2024.0,Action|Adventure|Sci-Fi,Hollywood
1701,Challengers (2024),2024.0,Drama|Romance|Sport,Hollywood
1702,Civil War (2024),2024.0,Action|Drama|Thriller,Hollywood
1703,Fighter (2024),2024.0,Action|Thriller,Bollywood
1704,"Wild Robot, The (2024)",2024.0,Animation|Adventure|Drama|Sci-Fi,Hollywood
1705,Alien: Romulus (2024),2024.0,Horror|Sci-Fi|Thriller,Hollywood
1706,Gladiator II (2024),2024.0,Action|Adventure|Drama,Hollywood
1707,Wicked (2024),2024.0,Fantasy|Musical|Romance,Hollywood
1708,Nosferatu (2024),2024.0,Horror|Mystery,Hollywood
1709,All We Imagine as Light (2024),2024.0,Drama,International
1710,"Substance, The (2024)",2024.0,Drama|Horror|Sci-Fi,International
1711,Oppenheimer (2023),2023.0,Biography|Drama|History,Hollywood
1712,Barbie (2023),2023.0,Adventure|Comedy|Fantasy,Hollywood
1713,Spider-Man: Across the Spider-Verse (2023),2023.0,Animation|Action|Adventure|Sci-Fi,Hollywood
1714,Killers of the Flower Moon (2023),2023.0,Crime|Drama|History,Hollywood
1715,Past Lives (2023),2023.0,Drama|Romance,International
1716,Anatomy of a Fall (2023),2023.0,Crime|Drama|Mystery|Thriller,International
1717,"Zone of Interest, The (2023)",2023.0,Drama|History|War,International
1718,Godzilla Minus One (2023),2023.0,Action|Adventure|Drama|Sci-Fi,International
1719,"Boy and the Heron, The (2023)",2023.0,Animation|Adventure|Drama|Fantasy,International
1720,Jawan (2023),2023.0,Action|Thriller,Bollywood
1721,Pathaan (2023),2023.0,Action|Adventure|Thriller,Bollywood
1722,Animal (2023),2023.0,Action|Crime|Drama,Bollywood
1723,12th Fail (2023),2023.0,Biography|Drama,Bollywood
1724,John Wick: Chapter 4 (2023),2023.0,Action|Crime|Thriller,Hollywood
1725,Guardians of the Galaxy Vol. 3 (2023),2023.0,Action|Adventure|Comedy|Sci-Fi,Hollywood
1726,Poor Things (2023),2023.0,Comedy|Drama|Romance|Sci-Fi,Hollywood
1727,"Holdovers, The (2023)",2023.0,Comedy|Drama,Hollywood
1728,Top Gun: Maverick (2022),2022.0,Action|Drama,Hollywood
1729,Everything Everywhere All at Once (2022),2022.0,Action|Adventure|Comedy|Sci-Fi,Hollywood
1730,"Batman, The (2022)",2022.0,Action|Crime|Drama,Hollywood
1731,Avatar: The Way of Water (2022),2022.0,Action|Adventure|Fantasy|Sci-Fi,Hollywood
1732,RRR (2022),2022.0,Action|Drama,Bollywood
1733,K.G.F: Chapter 2 (2022),2022.0,Action|Crime|Drama,Bollywood
1734,Brahmastra: Part One - Shiva (2022),2022.0,Action|Adventure|Fantasy,Bollywood
1735,Kantara (2022),2022.0,Action|Adventure|Drama,Bollywood
1736,"Banshees of Inisherin, The (2022)",2022.0,Comedy|Drama,International
1737,All Quiet on the Western Front (2022),2022.0,Action|Drama|War,International
1738,Decision to Leave (2022),2022.0,Crime|Drama|Mystery|Romance,International
1739,Tár (2022),2022.0,Drama|Music,Hollywood
1740,Aftersun (2022),2022.0,Drama,International
1741,Puss in Boots: The Last Wish (2022),2022.0,Animation|Adventure|Comedy,Hollywood
1742,Glass Onion: A Knives Out Mystery (2022),2022.0,Comedy|Crime|Mystery,Hollywood
1743,Dune (2021),2021.0,Action|Adventure|Drama|Sci-Fi,Hollywood
1744,Spider-Man: No Way Home (2021),2021.0,Action|Adventure|Fantasy|Sci-Fi,Hollywood
1745,No Time to Die (2021),2021.0,Action|Adventure|Thriller,Hollywood
1746,Zack Snyder's Justice League (2021),2021.0,Action|Adventure|Fantasy|Sci-Fi,Hollywood
1747,Drive My Car (2021),2021.0,Drama,International
1748,"Worst Person in the World, The (2021)",2021.0,Comedy|Drama|Romance,International
1749,Shershaah (2021),2021.0,Action|Biography|Drama|War,Bollywood
1750,Sardar Udham (2021),2021.0,Biography|Crime|Drama|History,Bollywood
1751,Pushpa: The Rise (2021),2021.0,Action|Crime|Drama,Bollywood
1752,CODA (2021),2021.0,Comedy|Drama|Music,Hollywood
1753,Encanto (2021),2021.0,Animation|Comedy|Family|Fantasy,Hollywood
1754,Tenet (2020),2020.0,Action|Sci-Fi|Thriller,Hollywood
1755,Soul (2020),2020.0,Animation|Adventure|Comedy|Family,Hollywood
1756,Another Round (2020),2020.0,Comedy|Drama,International
1757,"Father, The (2020)",2020.0,Drama|Mystery,International
1758,Nomadland (2020),2020.0,Drama,Hollywood
1759,Soorarai Pottru (2020),2020.0,Action|Drama,Bollywood
1760,Parasite (2019),2019.0,Drama|Thriller,International
1761,Avengers: Endgame (2019),2019.0,Action|Adventure|Drama|Sci-Fi,Hollywood
1762,Joker (2019),2019.0,Crime|Drama|Thriller,Hollywood
1763,1917 (2019),2019.0,Action|Drama|War,Hollywood
1764,Once Upon a Time in Hollywood (2019),2019.0,Comedy|Drama,Hollywood
1765,Knives Out (2019),2019.0,Comedy|Crime|Mystery,Hollywood
1766,Portrait of a Lady on Fire (2019),2019.0,Drama|Romance,International
1767,Gully Boy (2019),2019.0,Drama|Music,Bollywood
1768,Uri: The Surgical Strike (2019),2019.0,Action|Drama|War,Bollywood
1769,Super 30 (2019),2019.0,Biography|Drama,Bollywood
1770,Avengers: Infinity War (2018),2018.0,Action|Adventure|Sci-Fi,Hollywood
1771,Spider-Man: Into the Spider-Verse (2018),2018.0,Animation|Action|Adventure|Sci-Fi,Hollywood
1772,Green Book (2018),2018.0,Biography|Comedy|Drama,Hollywood
1773,Roma (2018),2018.0,Drama,International
1774,Capernaum (2018),2018.0,Drama,International
1775,Andhadhun (2018),2018.0,Crime|Drama|Music|Mystery|Thriller,Bollywood
1776,Tumbbad (2018),2018.0,Drama|Fantasy|Horror,Bollywood
1777,Stree (2018),2018.0,Comedy|Horror,Bollywood
1778,Bohemian Rhapsody (2018),2018.0,Biography|Drama|Music,Hollywood
1779,A Star Is Born (2018),2018.0,Drama|Music|Romance,Hollywood
1780,Blade Runner 2049 (2017),2017.0,Action|Drama|Mystery|Sci-Fi,Hollywood
1781,Coco (2017),2017.0,Animation|Adventure|Comedy|Family,Hollywood
1782,Get Out (2017),2017.0,Horror|Mystery|Thriller,Hollywood
1783,Dunkirk (2017),2017.0,Action|Drama|History|War,Hollywood
1784,"Three Billboards Outside Ebbing, Missouri (2017)",2017.0,Comedy|Crime|Drama,Hollywood
1785,Call Me by Your Name (2017),2017.0,Drama|Romance,International
1786,Logan (2017),2017.0,Action|Drama|Sci-Fi,Hollywood
1787,Baahubali 2: The Conclusion (2017),2017.0,Action|Drama,Bollywood
1788,Secret Superstar (2017),2017.0,Drama|Music,Bollywood
1789,"Shape of Water, The (2017)",2017.0,Adventure|Drama|Fantasy,Hollywood
1790,La La Land (2016),2016.0,Comedy|Drama|Music|Romance,Hollywood
1791,Arrival (2016),2016.0,Drama|Mystery|Sci-Fi,Hollywood
1792,Manchester by the Sea (2016),2016.0,Drama,Hollywood
1793,Your Name (2016),2016.0,Animation|Drama|Fantasy|Romance,International
1794,"Handmaiden, The (2016)",2016.0,Drama|Romance|Thriller,International
1795,Dangal (2016),2016.0,Action|Biography|Drama|Sport,Bollywood
1796,Pink (2016),2016.0,Crime|Drama|Thriller,Bollywood
1797,Zootopia (2016),2016.0,Animation|Action|Adventure|Comedy,Hollywood
1798,Hacksaw Ridge (2016),2016.0,Biography|Drama|History|War,Hollywood
1799,Moonlight (2016),2016.0,Drama,Hollywood
1800,Mad Max: Fury Road (2015),2015.0,Action|Adventure|Sci-Fi,Hollywood
1801,Inside Out (2015),2015.0,Animation|Adventure|Comedy|Drama,Hollywood
1802,"Martian, The (2015)",2015.0,Adventure|Drama|Sci-Fi,Hollywood
1803,"Revenant, The (2015)",2015.0,Action|Adventure|Biography|Drama,Hollywood
1804,Spotlight (2015),2015.0,Biography|Crime|Drama,Hollywood
1805,Sicario (2015),2015.0,Action|Crime|Drama|Mystery,Hollywood
1806,Bajrangi Bhaijaan (2015),2015.0,Action|Adventure|Comedy|Drama,Bollywood
1807,Baahubali: The Beginning (2015),2015.0,Action|Drama,Bollywood
1808,Drishyam (2015),2015.0,Crime|Drama|Mystery|Thriller,Bollywood
1809,Masaan (2015),2015.0,Drama,Bollywood
1810,Interstellar (2014),2014.0,Adventure|Drama|Sci-Fi,Hollywood
1811,Whiplash (2014),2014.0,Drama|Music,Hollywood
1812,"Grand Budapest Hotel, The (2014)",2014.0,Adventure|Comedy|Crime,Hollywood
1813,Gone Girl (2014),2014.0,Drama|Mystery|Thriller,Hollywood
1814,PK (2014),2014.0,Comedy|Drama|Sci-Fi,Bollywood
1815,Queen (2014),2014.0,Adventure|Comedy|Drama,Bollywood
1816,Haider (2014),2014.0,Action|Crime|Drama,Bollywood
1817,Birdman (2014),2014.0,Comedy|Drama,Hollywood
1818,Nightcrawler (2014),2014.0,Crime|Drama|Thriller,Hollywood
1819,"Wolf of Wall Street, The (2013)",2013.0,Biography|Comedy|Crime,Hollywood
1820,Her (2013),2013.0,Drama|Romance|Sci-Fi,Hollywood
1821,Prisoners (2013),2013.0,Crime|Drama|Mystery|Thriller,Hollywood
1822,12 Years a Slave (2013),2013.0,Biography|Drama|History,Hollywood
1823,"Lunchbox, The (2013)",2013.0,Drama|Romance,Bollywood
1824,Bhaag Milkha Bhaag (2013),2013.0,Action|Biography|Drama|Sport,Bollywood
1825,"Hunt, The (2012)",2012.0,Drama,International
1826,Django Unchained (2012),2012.0,Drama|Western,Hollywood
1827,"Dark Knight Rises, The (2012)",2012.0,Action|Drama,Hollywood
1828,"Avengers, The (2012)",2012.0,Action|Sci-Fi,Hollywood
1829,Gangs of Wasseypur (2012),2012.0,Action|Comedy|Crime|Drama,Bollywood
1830,Barfi! (2012),2012.0,Comedy|Drama|Romance,Bollywood
1831,Kahaani (2012),2012.0,Mystery|Thriller,Bollywood
1832,"Intouchables, The (2011)",2011.0,Biography|Comedy|Drama,International
1833,A Separation (2011),2011.0,Drama,International
1834,Zindagi Na Milegi Dobara (2011),2011.0,Comedy|Drama,Bollywood
1835,Drive (2011),2011.0,Action|Drama,Hollywood
1836,Inception (2010),2010.0,Action|Adventure|Sci-Fi,Hollywood
1837,"Social Network, The (2010)",2010.0,Biography|Drama,Hollywood
1838,Shutter Island (2010),2010.0,Mystery|Thriller,Hollywood
1839,Black Swan (2010),2010.0,Drama|Thriller,Hollywood
1840,Incendies (2010),2010.0,Drama|Mystery|War,International
1841,Udaan (2010),2010.0,Drama,Bollywood
1842,3 Idiots (2009),2009.0,Comedy|Drama,Bollywood
1843,Inglourious Basterds (2009),2009.0,Adventure|Drama|War,Hollywood
1844,Avatar (2009),2009.0,Action|Adventure|Fantasy|Sci-Fi,Hollywood
1845,Up (2009),2009.0,Animation|Adventure|Comedy,Hollywood
1846,"Secret in Their Eyes, The (2009)",2009.0,Drama|Mystery|Romance,International
1847,"Dark Knight, The (2008)",2008.0,Action|Crime|Drama,Hollywood
1848,WALL-E (2008),2008.0,Animation|Adventure|Family|Sci-Fi,Hollywood
1849,Slumdog Millionaire (2008),2008.0,Drama|Romance,International
1850,Iron Man (2008),2008.0,Action|Adventure|Sci-Fi,Hollywood
1851,Ghajini (2008),2008.0,Action|Drama|Mystery,Bollywood
1852,"Wednesday, A (2008)",2008.0,Action|Crime|Drama|Thriller,Bollywood
1853,No Country for Old Men (2007),2007.0,Crime|Drama|Thriller,Hollywood
1854,There Will Be Blood (2007),2007.0,Drama,Hollywood
1855,Taare Zameen Par (2007),2007.0,Drama|Family,Bollywood
1856,Chak De! India (2007),2007.0,Drama|Sport,Bollywood
1857,Ratatouille (2007),2007.0,Animation|Adventure|Comedy,Hollywood
1858,"Departed, The (2006)",2006.0,Crime|Drama|Thriller,Hollywood
1859,"Prestige, The (2006)",2006.0,Drama|Mystery|Sci-Fi,Hollywood
1860,Pan's Labyrinth (2006),2006.0,Drama|Fantasy|War,International
1861,"Lives of Others, The (2006)",2006.0,Drama|Mystery|Thriller,International
1862,Rang De Basanti (2006),2006.0,Comedy|Crime|Drama,Bollywood
1863,Omkara (2006),2006.0,Action|Crime|Drama,Bollywood
1864,Batman Begins (2005),2005.0,Action|Crime|Drama,Hollywood
1865,Black (2005),2005.0,Drama,Bollywood
1866,Brokeback Mountain (2005),2005.0,Drama|Romance,Hollywood
1867,Eternal Sunshine of the Spotless Mind (2004),2004.0,Drama|Romance|Sci-Fi,Hollywood
1868,Swades (2004),2004.0,Drama,Bollywood
1869,Downfall (2004),2004.0,Biography|Drama|History|War,International
1870,"Incredibles, The (2004)",2004.0,Animation|Action|Adventure,Hollywood
1871,"Lord of the Rings: The Return of the King, The (2003)",2003.0,Action|Adventure|Drama|Fantasy,Hollywood
1872,Oldboy (2003),2003.0,Action|Drama|Mystery|Thriller,International
1873,Memories of Murder (2003),2003.0,Crime|Drama|Mystery|Thriller,International
1874,Munna Bhai M.B.B.S. (2003),2003.0,Comedy|Drama|Musical,Bollywood
1875,Finding Nemo (2003),2003.0,Animation|Adventure|Comedy,Hollywood
1876,Kill Bill: Vol. 1 (2003),2003.0,Action|Crime|Drama,Hollywood
1877,"Lord of the Rings: The Two Towers, The (2002)",2002.0,Action|Adventure|Drama|Fantasy,Hollywood
1878,City of God (2002),2002.0,Crime|Drama,International
1879,"Pianist, The (2002)",2002.0,Biography|Drama|Music|War,International
1880,Catch Me If You Can (2002),2002.0,Biography|Crime|Drama,Hollywood
1881,"Lord of the Rings: The Fellowship of the Ring, The (2001)",2001.0,Action|Adventure|Drama|Fantasy,Hollywood
1882,Spirited Away (2001),2001.0,Animation|Adventure|Family|Fantasy,International
1883,Amélie (2001),2001.0,Comedy|Romance,International
1884,Lagaan: Once Upon a Time in India (2001),2001.0,Adventure|Drama|Musical|Sport,Bollywood
1885,Dil Chahta Hai (2001),2001.0,Comedy|Drama|Romance,Bollywood
1886,"Monsters, Inc. (2001)",2001.0,Animation|Adventure|Comedy,Hollywood
1887,A Beautiful Mind (2001),2001.0,Biography|Drama,Hollywood
1888,Gladiator (2000),2000.0,Action|Adventure|Drama,Hollywood
1889,Memento (2000),2000.0,Mystery|Thriller,Hollywood
1890,American Psycho (2000),2000.0,Crime|Drama|Horror,Hollywood
1891,Requiem for a Dream (2000),2000.0,Drama,Hollywood
1892,In the Mood for Love (2000),2000.0,Drama|Romance,International
1893,"Crouching Tiger, Hidden Dragon (2000)",2000.0,Action|Adventure|Drama|Fantasy,International
1894,Hera Pheri (2000),2000.0,Action|Comedy|Crime,Bollywood
1895,"Hangover, The (2009)",2009.0,Comedy,Hollywood
1896,"Hangover Part II, The (2011)",2011.0,Comedy,Hollywood
1897,Superbad (2007),2007.0,Comedy,Hollywood
1898,Step Brothers (2008),2008.0,Comedy,Hollywood
1899,Tropic Thunder (2008),2008.0,Action|Comedy|War,Hollywood
1900,21 Jump Street (2012),2012.0,Action|Comedy|Crime,Hollywood
1901,Koi... Mil Gaya (2003),2003.0,Action|Drama|Romance|Sci-Fi,Bollywood
1902,Krrish (2006),2006.0,Action|Adventure|Sci-Fi,Bollywood
1903,Krrish 3 (2013),2013.0,Action|Sci-Fi,Bollywood
1904,Ra.One (2011),2011.0,Action|Adventure|Sci-Fi,Bollywood
1905,"Matrix, The (1999)",1999.0,Action|Sci-Fi,Hollywood
1906,Fight Club (1999),1999.0,Drama,Hollywood
1907,"Green Mile, The (1999)",1999.0,Crime|Drama|Fantasy,Hollywood
1908,"Sixth Sense, The (1999)",1999.0,Drama|Mystery|Thriller,Hollywood
1909,American Beauty (1999),1999.0,Drama,Hollywood
1910,Dilwale Dulhania Le Jayenge (1995),1995.0,Drama|Romance,Bollywood
1911,Kuch Kuch Hota Hai (1998),1998.0,Comedy|Drama|Romance,Bollywood
1912,Kabhi Khushi Kabhie Gham... (2001),2001.0,Drama|Musical|Romance,Bollywood
1913,Sholay (1975),1975.0,Action|Adventure|Comedy|Drama|Musical,Bollywood
1914,Yeh Jawaani Hai Deewani (2013),2013.0,Comedy|Drama|Musical|Romance,Bollywood
1915,Jab We Met (2007),2007.0,Comedy|Drama|Romance,Bollywood
1916,Kal Ho Naa Ho (2003),2003.0,Comedy|Drama|Musical|Romance,Bollywood
1917,Om Shanti Om (2007),2007.0,Action|Comedy|Drama|Musical|Romance,Bollywood
1918,Chhichhore (2019),2019.0,Comedy|Drama,Bollywood
1919,Phir Hera Pheri (2006),2006.0,Comedy|Crime,Bollywood
1920,Lage Raho Munna Bhai (2006),2006.0,Comedy|Drama,Bollywood
1921,Dhoom 2 (2006),2006.0,Action|Thriller,Bollywood
1922,Don (2006),2006.0,Action|Crime|Thriller,Bollywood
1923,Gangs of Wasseypur - Part 2 (2012),2012.0,Action|Comedy|Crime|Drama,Bollywood
1924,Harry Potter and the Sorcerer's Stone (2001),2001.0,Adventure|Family|Fantasy,Hollywood
1925,Harry Potter and the Prisoner of Azkaban (2004),2004.0,Adventure|Family|Fantasy,Hollywood
1926,Harry Potter and the Deathly Hallows: Part 2 (2011),2011.0,Adventure|Family|Fantasy,Hollywood
1927,Pirates of the Caribbean: The Curse of the Black Pearl (2003),2003.0,Action|Adventure|Fantasy,Hollywood
1928,Pirates of the Caribbean: Dead Man's Chest (2006),2006.0,Action|Adventure|Fantasy,Hollywood
1929,John Wick (2014),2014.0,Action|Crime|Thriller,Hollywood
1930,Deadpool (2016),2016.0,Action|Adventure|Comedy,Hollywood
1931,Spider-Man (2002),2002.0,Action|Adventure|Sci-Fi,Hollywood
1932,Spider-Man 2 (2004),2004.0,Action|Adventure|Sci-Fi,Hollywood
1933,Avengers: Age of Ultron (2015),2015.0,Action|Adventure|Sci-Fi,Hollywood
1934,Captain America: Civil War (2016),2016.0,Action|Sci-Fi,Hollywood
